Workbook
Name ConceptList: 'START_HERE'!$K$1:$K$27
Name PlayWatchList: 'START_HERE'!$L$1:$L$71
Name SituationList: 'START_HERE'!$J$1:$J$18

Sheet START_HERE
A1: WEEKLY GAMEPLAN • START HERE | J1: All situations | K1: 3 STEP | L1: 2 BUBBLE SCREEN
A2: START | C2: FIND A CALL | F2: OPPONENT ALERTS | J2: P&10 | K2: 5 STEP | L2: 3 ARROW SCREEN
A3: Opponent tendencies + defensive concept call-fit signals. Film review confirms the numbers. | J3: 1D 1-3 | K3: BELLY | L3: CLIMB POST WHEEL
J4: 1D 4-6 | K4: BOOT | L4: CURL OVER VERT
A5: Set the week, then use FIND A CALL. The coach-facing boards are the product. | J5: 1D 7-10 | K5: COUNTER | L5: CURL OVER Y WAGGLE
A6: Week / opponent | B6: CURRENT IMPORTED SAMPLE | J6: 1D 11+ | K6: DASH | L6: DART STG READ
J7: 2D 1-3 | K7: DRAW | L7: DIG HITCH TB SWING
A8: FIND A CALL | B8: Choose concept, situation or exact-play watch. Candidates and cautions appear at the top. | J8: 2D 4-6 | K8: DUO | L8: DIG SEAM OVER
J9: 2D 7-10 | K9: FLY SWEEP | L9: DIG SEAM SMASH
A10: OPPONENT RESPONSE CARD | B10: Read D&D alerts alongside matching defensive context or concept evidence. | J10: 2D 11+ | K10: FLY TOSS | L10: DIG SEAM UNDER
J11: 3D 1-3 | K11: FUZZY | L11: DOUBLE SPOT ARROW
A12: PRINT GAMEPLAN SUMMARY | B12: Two-page coach summary with identity, call-fit signals and film/practice watches. | J12: 3D 4-6 | K12: G | L12: FLOOD
J13: 3D 7-10 | K13: INSIDE ZONE | L13: FLY MOTION PASS
A14: BUILD PRACTICE PRIORITIES | B14: Rep strengths, review problem calls, and track opponent exact plays. | J14: 3D 11+ | K14: MAN | L14: FLY POWE READ STG
J15: 4D 1-3 | K15: OPTION | L15: FLY POWER READ STG
A16: CHECK WORKBOOK HEALTH | B16: Review PASS / REVIEW statuses before building the call sheet. | J16: 4D 4-6 | K16: OUTSIDE ZONE | L16: G STG LEAD
J17: 4D 7-10 | K17: PAP | L17: G STG READ
J18: 4D 11+ | K18: PIN PULL | L18: G WK LEAD
A19: WHAT THE TWO SCOUTS TELL US | K19: POWER | L19: H FLY SWEEP STG
A20: Opponent Breakdown identifies what they tend to do: concepts, personnel, structures and actual playcalls. | K20: POWER READ | L20: H FLY SWEEP STG OPTION
A21: Defensive Self Scout identifies what our calls have done well or poorly in tagged concepts and situations. | K21: RPO | L21: H FLY TOSS
A22: This workbook identifies call-fit candidates, risk areas and practice priorities. It guides the football conversation; it does not automatically call defenses. | K22: SCREEN | L22: HITCH OVER
A23: Film review confirms the numbers. Match fit, execution and the actual offensive presentation before changing call usage. | K23: SOP | L23: HITCH POST OVER
K24: SPLIT ZONE | L24: LEVELS UNDER
A25: EXACT PLAYS: HONEST EVIDENCE RULE | K25: TOSS PASS | L25: LOAD OPTION STG
A26: Opponent Exact-Play Watch = opponent evidence. Concept Proxy = defensive results for a confirmed concept. No Defensive Exact-Play Sample is supplied. A proxy is never direct proof against the named play. | K26: TRAP | L26: MESH TB WHEEL
A27: Six opponent play names map to more than one concept. Those proxy fields stay blank until a coach confirms the concept. Do not infer the answer from the play name. | K27: WHAM | L27: OPTION ROUTES
A28: MATCHING SCOPE shows which tags match. Exact Context Match means the tagged D&D / presentation / concept world, never an exact offensive play. Sample Watch marks limited reps. | L28: OZ STG LEAD
A29: CALL-FIT AND WATCH RULES | L29: OZ STG LEAD READ
A30: Success-rate watch | B30: 0.5 | C30: Below this rate is a watch item; not a rewritten scoring rule. | L30: OZ STG READ
A31: Explosive-rate watch | B31: 0.2 | C31: At or above this rate is an Explosive Alert. | L31: OZ STG SPLIT READ
A32: Average-gain watch | B32: 7 | C32: Above this average is a gain-control watch item. | L32: OZ TOSS STG
A33: Call-fit score watch | B33: 50 | C33: Below this score is a call-sheet / practice review signal. | L33: OZ WK LEAD READ
A34: Score = ROUND(success rate × 70 + explosive prevention × 20 + clamped gain control × 10, 1). Confidence: 1–2 TRACK; 3 LOW; 4–6 MEDIUM; 7+ HIGH. | L34: OZ WK READ
A35: Ranking first separates calls meeting the lookup minimum (default 4 reps). Among that group, non-problem / non-explosive candidates lead, then score and reps. If no call meets the minimum, show the best-supported small sample with its caution. | L35: POST DIG UNDER
L36: POST OVER WHEEL
A37: WEEKLY WORKFLOW | L37: POST WHEEL SWING
A38: 1. Finish and check both source scouts. Send the two updated workbooks to refresh this married gameplan for a new week. | L38: POWER READ STG
A39: 2. Save this week’s gameplan copy. This file is a self-contained snapshot of the supplied scouts, not a live external import. | L39: QB G STG LEAD
A40: 3. Use CALL_LOOKUP_BOARD. Set the situation, concept, exact-play watch and minimum reps. Review confidence and cautions before taking a candidate to the call sheet. | L40: QB G WK LEAD
A41: 4. Confirm ambiguous concept proxies on the lookup board. Add film and practice notes on the cheat sheet and practice board. | L41: QB POWER STG
A42: 5. Review FORMULA_CHECK. Do not overwrite calculation formulas or assume that replacing a single archive refreshes every source output. | L42: QB ZONE STG
L43: QB ZONE WK
L44: SMASH LEVELS
L45: SMASH POST
L46: SMASH TB SEAM
L47: SPOT SMASH ARROW
L48: STICKS
L49: STICKS UNDER
L50: TB SLIP SCREEN
L51: TB SWING SCREEN
L52: TRAP STG
L53: VERT DIG OPTION
L54: VERT DIG OVER
... L71: ZONE WK SPLIT READ

Sheet OPPONENT_IMPORT
A1: OPPONENT SOURCE IMPORT
A2: START | C2: FIND A CALL | F2: OPPONENT ALERTS | I2: PRACTICE
A3: These are standalone value snapshots. Coach answers are on the lookup, response card, cheat sheet and practice board. Refresh from completed source scouts each week.
A7: Required source section | B7: Imported rows | C7: Import mode | D7: Navigation
A8: MASTER_STRATEGY_CARD | B8: 38 | C8: Imported values | D8: View source output
A9: MASTER_SIGNAL_BOARD | B9: 694 | C9: Imported values | D9: View source output
A10: MASTER_SNAPSHOT | B10: 73 | C10: Imported values | D10: View source output
A11: MASTER_IDENTITY_BOARD | B11: 81 | C11: Imported values | D11: View source output
A12: MASTER_DD_CONCEPT_IDENTITY | B12: 82 | C12: Imported values | D12: View source output
A13: MASTER_DD_PLAYCALL_IDENTITY | B13: 130 | C13: Imported values | D13: View source output
A14: MASTER_DD_PERSONNEL_CONCEPT | B14: 100 | C14: Imported values | D14: View source output
A15: MASTER_DD_STRUCTURE_CONCEPT | B15: 112 | C15: Imported values | D15: View source output
A16: MASTER_DD_PER_PLAYCALL | B16: 142 | C16: Imported values | D16: View source output
A17: MASTER_DD_STRUCTURE_PLAYCALL | B17: 142 | C17: Imported values | D17: View source output
A18: MASTER_INPUT | B18: 176 | C18: Imported values | D18: View source output
A19: FORMULA_CHECK | B19: 50 | C19: Imported values | D19: View source output
A39: NORMALIZED PLAY EVIDENCE
A40: Source scoring flags are copied as values. Missing tags and exclusions retain their original meaning; no football scoring rules are rewritten.
A41: Source Row | B41: Down | C41: D&D Bucket | D41: Personnel | E41: Structure | F41: Concept | G41: Actual Playcall | H41: Result | I41: Gain / Loss | J41: Source Eligible | K41: Offensive Success | L41: Explosive | M41: Play Type
A43: 3 | B43: P | C43: P&10 | D43: 11 | E43: 3X1 | I43: 0 | J43: 0
A44: 4 | B44: P | C44: P&10 | D44: 21H | E44: 2X1 | F44: 5 STEP | G44: HITCH OVER | H44: COMPLETE | I44: 5 | J44: 1 | K44: 0 | L44: 0 | M44: PASS
A45: 5 | B45: P | C45: P&10 | D45: 12 | E45: 2X2 | F45: OUTSIDE ZONE | G45: OZ STG SPLIT READ | H45: RUSH | I45: 0 | J45: 1 | K45: 0 | L45: 0 | M45: RUSH
A46: 6 | B46: P | C46: P&10 | D46: 11 | E46: 2X2 | F46: 5 STEP | G46: HITCH POST OVER | H46: QB SCRAMBLE | I46: 9 | J46: 1 | K46: 1 | L46: 0 | M46: SCRAMBLE
A47: 7 | B47: P | C47: P&10 | D47: 11 | E47: 2X2 | F47: OUTSIDE ZONE | G47: OZ STG READ | H47: RUSH | I47: 10 | J47: 1 | K47: 1 | L47: 0 | M47: RUSH
A48: 8 | B48: P | C48: P&10 | D48: 11 | E48: 2X2 | F48: RPO | G48: 2 BUBBLE SCREEN | H48: COMPLETE | I48: 5 | J48: 1 | K48: 0 | L48: 0 | M48: PASS
A49: 9 | B49: P | C49: P&10 | D49: 11 | E49: 2X2 | F49: PAP | G49: FLOOD | H49: COMPLETE | I49: 0 | J49: 1 | K49: 0 | L49: 0 | M49: PASS
A50: 10 | B50: P | C50: P&10 | D50: 11 | E50: 2X2 | F50: FLY SWEEP | G50: H FLY SWEEP STG | H50: RUSH | I50: -2 | J50: 1 | K50: 0 | L50: 0 | M50: RUSH
A51: 11 | B51: P | C51: P&10 | D51: 11 | E51: 2X2 | F51: POWER | G51: DART STG READ | H51: RUSH | I51: 6 | J51: 1 | K51: 1 | L51: 0 | M51: RUSH
A52: 12 | B52: P | C52: P&10 | D52: 11 | E52: 3X1 | F52: 5 STEP | G52: OPTION ROUTES | H52: QB SCRAMBLE | I52: 0 | J52: 1 | K52: 0 | L52: 0 | M52: SCRAMBLE
A53: 13 | B53: P | C53: P&10 | D53: 11 | E53: 3X1 | F53: SCREEN | G53: TB SWING SCREEN | H53: BATTED PASS | I53: 0 | J53: 1 | K53: 0 | L53: 0 | M53: PASS
A54: 14 | B54: P | C54: P&10 | D54: 11 | E54: 3X1 | F54: INSIDE ZONE | G54: ZONE STG INSERT READ | H54: RUSH | I54: 3 | J54: 1 | K54: 1 | L54: 0 | M54: RUSH
A55: 15 | B55: P | C55: P&10 | D55: 11 | E55: 2X2 | F55: OPTION | G55: ZONE WK READ OPTION | H55: RUSH | I55: 0 | J55: 1 | K55: 0 | L55: 0 | M55: RUSH
... A79: 39 | B79: P | C79: P&10 | D79: 12 | E79: 3X1 | F79: INSIDE ZONE | G79: ZONE STG SPLIT READ | H79: RUSH | I79: 12 | J79: 1 | K79: 1 | L79: 1 | M79: RUSH
A80: 40 | B80: P | C80: P&10 | D80: 12 | E80: 1X1 | I80: -2 | J80: 0
A81: 41 | B81: 1 | C81: 4-6 | D81: 11 | E81: 2X2 | F81: OUTSIDE ZONE | G81: OZ STG READ | H81: RUSH | I81: -2 | J81: 1 | K81: 0 | L81: 0 | M81: RUSH
A82: 42 | B82: 1 | C82: 7-10 | D82: 11 | E82: 3X2 | F82: SCREEN | G82: TB SWING SCREEN | H82: QB SCRAMBLE | I82: 0 | J82: 1 | K82: 0 | L82: 0 | M82: SCRAMBLE
A83: 43 | B83: 1 | C83: 7-10 | D83: 12 | E83: 2X2 | F83: INSIDE ZONE | G83: ZONE WK READ | H83: RUSH | I83: 0 | J83: 1 | K83: 0 | L83: 0 | M83: RUSH
A84: 44 | B84: 1 | C84: 7-10 | D84: 11 | E84: 3X1 | F84: OUTSIDE ZONE | G84: OZ STG READ | H84: RUSH | I84: 8 | J84: 1 | K84: 1 | L84: 0 | M84: RUSH
A85: 45 | B85: 1 | C85: 7-10 | D85: 11 | E85: 2X2 | F85: FLY SWEEP | G85: H FLY SWEEP STG | H85: RUSH | I85: 9 | J85: 1 | K85: 1 | L85: 0 | M85: RUSH
A86: 46 | B86: 1 | C86: 7-10 | D86: 11 | E86: 3X1 | F86: SOP | G86: SPOT SMASH ARROW | H86: COMPLETE | I86: 1 | J86: 1 | K86: 0 | L86: 0 | M86: PASS
A87: 47 | B87: 1 | C87: 7-10 | D87: 11 | E87: 2X2 | F87: INSIDE ZONE | G87: ZONE WK READ | H87: RUSH | I87: 0 | J87: 1 | K87: 0 | L87: 0 | M87: RUSH
A88: 48 | B88: 1 | C88: 7-10 | D88: 11 | E88: 3X1 | F88: INSIDE ZONE | G88: QB ZONE WK | H88: RUSH | I88: 1 | J88: 1 | K88: 0 | L88: 0 | M88: RUSH
A89: 49 | B89: 1 | C89: 7-10 | D89: 11 | E89: 2X2 | F89: FUZZY | G89: FLY MOTION PASS | H89: INCOMPLETE | I89: 0 | J89: 1 | K89: 0 | L89: 0 | M89: PASS
A90: 50 | B90: 1 | C90: 7-10 | D90: 11 | E90: 2X2 | F90: PAP | G90: POST OVER WHEEL | H90: QB SCRAMBLE | I90: 4 | J90: 1 | K90: 1 | L90: 0 | M90: SCRAMBLE
A91: 51 | B91: 1 | C91: 7-10 | D91: 11 | E91: 3X1 | F91: PAP | G91: FLOOD | H91: COMPLETE | I91: 31 | J91: 1 | K91: 1 | L91: 1 | M91: PASS
A92: 52 | B92: 1 | C92: 7-10 | D92: 11 | E92: 2X2 | F92: 5 STEP | G92: SMASH TB SEAM | H92: HIT AS THREW | I92: 0 | J92: 1 | K92: 0 | L92: 0 | M92: PASS
... A102: 62 | B102: 1 | C102: 7-10 | D102: 11 | E102: 2X2 | F102: SCREEN | G102: TB SWING SCREEN | H102: COMPLETE | I102: 8 | J102: 1 | K102: 1 | L102: 0 | M102: PASS
A103: 63 | B103: 1 | C103: 7-10 | D103: 11 | F103: INSIDE ZONE | G103: ZONE STG INSERT READ | H103: RUSH | I103: -1 | J103: 1 | K103: 0 | L103: 0 | M103: RUSH
A104: 64 | B104: 1 | C104: 7-10 | D104: 11 | E104: 2X2 | F104: 5 STEP | G104: SMASH POST | H104: COMPLETE | I104: 13 | J104: 1 | K104: 1 | L104: 0 | M104: PASS
A105: 65 | B105: 1 | C105: 7-10 | D105: 11 | E105: 2X2 | F105: INSIDE ZONE | G105: ZONE WK READ | H105: FUMBLE | I105: -2 | J105: 1 | K105: 0 | L105: 0 | M105: RUSH
A106: 66 | B106: 1 | C106: 11+ | D106: 11H | E106: 2X2 | F106: INSIDE ZONE | G106: ZONE WK READ | H106: RUSH | I106: 3 | J106: 1 | K106: 1 | L106: 0 | M106: RUSH
A107: 67 | B107: 1 | C107: 7-10 | D107: 11H | E107: 2X2 | F107: G | G107: G STG READ | H107: RUSH | I107: 6 | J107: 1 | K107: 1 | L107: 0 | M107: RUSH
A108: 68 | B108: 1 | C108: 7-10 | D108: 12H | E108: 4X0 | F108: OUTSIDE ZONE | G108: OZ WK LEAD READ | H108: RUSH | I108: 2 | J108: 1 | K108: 0 | L108: 0 | M108: RUSH
A109: 69 | B109: 1 | C109: 4-6 | D109: 12H | E109: 4X0 | F109: POWER | G109: QB POWER STG | H109: RUSH TD | I109: 4 | J109: 1 | K109: 1 | L109: 0 | M109: RUSH
A110: 70 | B110: 1 | C110: 7-10 | D110: 12H | E110: 4X0 | F110: INSIDE ZONE | G110: ZONE WK READ | H110: RUSH | I110: 11 | J110: 1 | K110: 1 | L110: 0 | M110: RUSH
A111: 71 | B111: 1 | C111: 7-10 | D111: 12H | E111: 3X1 | F111: INSIDE ZONE | G111: ZONE STG SPLIT READ | H111: RUSH | I111: 5 | J111: 1 | K111: 1 | L111: 0 | M111: RUSH
A112: 72 | B112: 2 | C112: 7-10 | D112: 11 | E112: 3X2 | F112: 3 STEP | G112: VERT OUT SEAM | H112: INCOMPLETE | I112: 0 | J112: 1 | K112: 0 | L112: 0 | M112: PASS
A113: 73 | B113: 2 | C113: 4-6 | D113: 11 | E113: 2X2 | F113: OUTSIDE ZONE | G113: OZ WK READ | H113: RUSH | I113: -4 | J113: 1 | K113: 0 | L113: 0 | M113: RUSH
A114: 74 | B114: 2 | C114: 7-10 | D114: 11 | E114: 2X2 | F114: POWER | G114: DART STG READ | H114: RUSH | I114: 1 | J114: 1 | K114: 0 | L114: 0 | M114: RUSH
A115: 75 | B115: 2 | C115: 7-10 | D115: 11 | E115: 3X1 | F115: 5 STEP | G115: MESH TB WHEEL | H115: COMPLETE | I115: 12 | J115: 1 | K115: 1 | L115: 0 | M115: PASS
... A135: 95 | B135: 2 | C135: 7-10 | D135: 11 | E135: 2X2 | F135: BOOT | G135: FLOOD | H135: RUSH | I135: 1 | J135: 1 | K135: 0 | L135: 0 | M135: RUSH
A136: 96 | B136: 2 | C136: 7-10 | D136: 11 | E136: 3X1 | F136: OPTION | G136: ZONE WK READ OPTION | I136: -2 | J136: 0
A137: 97 | B137: 2 | C137: 4-6 | D137: 11 | E137: 3X1 | F137: BOOT | G137: FLOOD | H137: QB SCRAMBLE | I137: 37 | J137: 1 | K137: 1 | L137: 1 | M137: SCRAMBLE
A138: 98 | B138: 2 | C138: 7-10 | D138: 11 | E138: 3X1 | F138: TRAP | G138: TRAP STG | H138: RUSH | I138: 1 | J138: 1 | K138: 0 | L138: 0 | M138: RUSH
A139: 99 | B139: 2 | C139: 7-10 | D139: 11 | E139: 2X2 | F139: OUTSIDE ZONE | G139: OZ STG READ | H139: COMPLETE | I139: 6 | J139: 1 | K139: 0 | L139: 0 | M139: PASS
A140: 100 | B140: 2 | C140: 7-10 | D140: 11 | E140: 2X2 | F140: OPTION | G140: ZONE WK READ OPTION | H140: RUSH | I140: 4 | J140: 1 | K140: 1 | L140: 0 | M140: RUSH
A141: 101 | B141: 2 | C141: 1-3 | D141: 12 | E141: 3X1 | F141: INSIDE ZONE | G141: ZONE STG SPLIT READ | H141: RUSH | I141: 2 | J141: 1 | K141: 0 | L141: 0 | M141: RUSH
A142: 102 | B142: 2 | C142: 7-10 | D142: 11 | E142: 2X2 | F142: PAP | G142: DIG SEAM SMASH | H142: RUSH | I142: 0 | J142: 1 | K142: 0 | L142: 0 | M142: RUSH
A143: 103 | B143: 2 | C143: 4-6 | D143: 11 | E143: 2X2 | F143: POWER READ | G143: FLY POWER READ STG | H143: RUSH | I143: 2 | J143: 1 | K143: 0 | L143: 0 | M143: RUSH
A144: 104 | B144: 2 | C144: 1-3 | D144: 11 | E144: 3X2 | F144: 5 STEP | G144: OPTION ROUTES | H144: INCOMPLETE | I144: 0 | J144: 1 | K144: 0 | L144: 0 | M144: PASS
A145: 105 | B145: 2 | C145: 4-6 | D145: 11 | E145: 3X1 | F145: OUTSIDE ZONE | G145: OZ STG SPLIT READ | H145: RUSH | I145: 0 | J145: 1 | K145: 0 | L145: 0 | M145: RUSH
A146: 106 | B146: 2 | C146: 7-10 | D146: 11 | E146: 3X1 | F146: RPO | G146: 3 ARROW SCREEN | H146: INCOMPLETE | I146: 0 | J146: 1 | K146: 0 | L146: 0 | M146: PASS
A147: 107 | B147: 2 | C147: 7-10 | D147: 11 | E147: 2X2 | F147: SCREEN | G147: TB SWING SCREEN | H147: RUSH | I147: 2 | J147: 1 | K147: 0 | L147: 0 | M147: RUSH
A148: 108 | B148: 2 | C148: 7-10 | D148: 11 | E148: 3X1 | F148: INSIDE ZONE | G148: ZONE WK ARC READ | H148: INCOMPLETE | I148: 0 | J148: 1 | K148: 0 | L148: 0 | M148: PASS
A149: 109 | B149: 2 | C149: 7-10 | D149: 11 | E149: 3X1 | F149: OUTSIDE ZONE | G149: ZONE WK READ | H149: QB SCRAMBLE | I149: -2 | J149: 1 | K149: 0 | L149: 0 | M149: SCRAMBLE
A150: 110 | B150: 2 | C150: 11+ | D150: 11 | E150: 2X2 | H150: RUSH | I150: 0 | J150: 1 | K150: 0 | L150: 0 | M150: RUSH
A151: 111 | B151: 2 | C151: 11+ | D151: 11 | E151: 3X2 | F151: SCREEN | G151: TB SWING SCREEN | H151: RUSH | I151: 0 | J151: 1 | K151: 0 | L151: 0 | M151: RUSH
A152: 112 | B152: 2 | C152: 7-10 | D152: 11 | E152: 3X1 | F152: DRAW | G152: QB LEAD DRAW STG | I152: 5 | J152: 0
A153: 113 | B153: 2 | C153: 11+ | D153: 11 | E153: 3X1 | F153: INSIDE ZONE | G153: ZONE STG SPLIT READ | H153: INCOMPLETE | I153: 2 | J153: 1 | K153: 0 | L153: 0 | M153: PASS
A154: 114 | B154: 2 | C154: 7-10 | D154: 11H | E154: 2X2 | H154: RUSH | I154: 0 | J154: 1 | K154: 0 | L154: 0 | M154: RUSH
A155: 115 | B155: 2 | C155: 11+ | D155: 11H | E155: 2X2 | F155: G | G155: G STG READ | H155: RUSH | I155: 10 | J155: 1 | K155: 1 | L155: 0 | M155: RUSH
A156: 116 | B156: 2 | C156: 7-10 | D156: 11H | E156: 2X2 | I156: 0 | J156: 0
A157: 117 | B157: 2 | C157: 11+ | D157: 11H | E157: 3X1 | F157: OUTSIDE ZONE | G157: ZONE WK READ | H157: RUSH | I157: -4 | J157: 1 | K157: 0 | L157: 0 | M157: RUSH
A158: 118 | B158: 2 | C158: 11+ | D158: 11 | E158: 3X1 | F158: SCREEN | G158: DUAL SCREEN | I158: 0 | J158: 0
A159: 119 | B159: 2 | C159: 7-10 | D159: 11 | E159: 3X1 | F159: INSIDE ZONE | G159: ZONE STG READ | H159: RUSH | I159: -1 | J159: 1 | K159: 0 | L159: 0 | M159: RUSH
A160: 120 | B160: 2 | C160: 11+ | D160: 11H | E160: 2X2 | F160: INSIDE ZONE | G160: ZONE STG READ | H160: INCOMPLETE | I160: -3 | J160: 1 | K160: 0 | L160: 0 | M160: PASS
A161: 121 | B161: 2 | C161: 7-10 | D161: 11 | E161: 3X1 | F161: INSIDE ZONE | G161: ZONE WK READ | H161: RUSH | I161: -2 | J161: 1 | K161: 0 | L161: 0 | M161: RUSH
A162: 122 | B162: 2 | C162: 11+ | D162: 12 | E162: 2X2 | F162: INSIDE ZONE | G162: ZONE WK SPLIT READ | H162: RUSH | I162: 4 | J162: 1 | K162: 1 | L162: 0 | M162: RUSH
A163: 123 | B163: 2 | C163: 7-10 | D163: 12H | E163: 4X0 | F163: INSIDE ZONE | G163: ZONE WK READ | H163: RUSH | I163: 7 | J163: 1 | K163: 1 | L163: 0 | M163: RUSH
A164: 124 | B164: 2 | C164: 7-10 | D164: 11 | E164: 2X2 | F164: OUTSIDE ZONE | G164: OZ STG LEAD READ | H164: RUSH | I164: 2 | J164: 1 | K164: 0 | L164: 0 | M164: RUSH
A165: 125 | B165: 2 | C165: 11+ | D165: 12H | E165: 2X2 | F165: INSIDE ZONE | G165: ZONE WK SPLIT READ | H165: RUSH | I165: 4 | J165: 1 | K165: 1 | L165: 0 | M165: RUSH
A166: 126 | B166: 2 | C166: 11+ | D166: 12H | E166: 4X0 | F166: POWER | G166: QB POWER STG | H166: RUSH | I166: 1 | J166: 1 | K166: 0 | L166: 0 | M166: RUSH
A167: 127 | B167: 2 | C167: 4-6 | D167: 11H | E167: 2X1 | F167: INSIDE ZONE | G167: ZONE WK READ | H167: RUSH | I167: 3 | J167: 1 | K167: 1 | L167: 0 | M167: RUSH
A168: 128 | B168: 2 | C168: 7-10 | D168: 15H | E168: 3X2 | H168: RUSH | I168: 0 | J168: 1 | K168: 0 | L168: 0 | M168: RUSH
A169: 129 | B169: 2 | C169: 11+ | D169: 11 | E169: 2X1 | F169: INSIDE ZONE | G169: ZONE WK SPLIT READ | H169: RUSH | I169: 14 | J169: 1 | K169: 1 | L169: 1 | M169: RUSH
A170: 130 | B170: 2 | C170: 4-6 | D170: 12H | E170: 3X1 | F170: INSIDE ZONE | G170: ZONE WK INSERT READ | I170: 4 | J170: 0
A171: 131 | B171: 3 | C171: 7-10 | D171: 11 | E171: 3X1 | F171: 3 STEP | G171: VERTS TB SEAM | H171: RUSH | I171: 0 | J171: 1 | K171: 0 | L171: 0 | M171: RUSH
A172: 132 | B172: 3 | C172: 7-10 | D172: 11 | E172: 3X1 | F172: SCREEN | G172: TB SWING SCREEN | H172: RUSH TD | I172: 14 | J172: 1 | K172: 1 | L172: 1 | M172: RUSH
A173: 133 | B173: 3 | C173: 7-10 | D173: 11 | E173: 2X2 | F173: 5 STEP | G173: STICKS | H173: BATTED PASS | I173: 11 | J173: 1 | K173: 0 | L173: 0 | M173: PASS
A174: 134 | B174: 3 | C174: 1-3 | D174: 21H | E174: 3X1 | F174: OUTSIDE ZONE | G174: OZ STG READ | H174: COMPLETE | I174: -2 | J174: 1 | K174: 0 | L174: 0 | M174: PASS
...

Sheet DEF_SELF_SCOUT_IMPORT
A1: DEFENSIVE SELF-SCOUT SOURCE IMPORT
A2: START | C2: FIND A CALL | F2: OPPONENT ALERTS | I2: PRACTICE
A3: These are standalone value snapshots. Coach answers are on the lookup, response card, cheat sheet and practice board. Refresh from completed source scouts each week.
A7: Required source section | B7: Imported rows | C7: Import mode | D7: Navigation
A8: DEF_INPUT | B8: 288 | C8: Imported values | D8: View source output
A9: DEF_SNAPSHOT | B9: 52 | C9: Imported values | D9: View source output
A10: DEF_ALL | B10: 63 | C10: Imported values | D10: View source output
A11: DEF_D&D | B11: 172 | C11: Imported values | D11: View source output
A12: DEF_CONCEPT | B12: 248 | C12: Imported values | D12: View source output
A13: DEF_11P_ALL | B13: 57 | C13: Imported values | D13: View source output
A14: DEF_11P_3X1 | B14: 47 | C14: Imported values | D14: View source output
A15: DEF_11P_2X2 | B15: 39 | C15: Imported values | D15: View source output
A16: DEF_12P_3X1 | B16: 10 | C16: Imported values | D16: View source output
A17: DEF_12P_2X2 | B17: 15 | C17: Imported values | D17: View source output
A18: DEF_00P_3X1 | B18: 11 | C18: Imported values | D18: View source output
A19: DEF_OTHER | B19: 23 | C19: Imported values | D19: View source output
... A32: DEF_FORMULA_CHECK | B32: 120 | C32: Imported values | D32: View source output
A39: NORMALIZED PLAY EVIDENCE
A40: Source scoring flags are copied as values. Missing tags and exclusions retain their original meaning; no football scoring rules are rewritten.
A41: Source Row | B41: Down | C41: D&D Bucket | D41: Concept | E41: Hot Call | F41: Personnel | G41: Structure Family | H41: Play Type | I41: Gain / Loss | J41: Defensive Success | K41: Explosive Allowed | L41: Clean Play | M41: Original Result | N41: Original Structure | O41: PS Bucket | P41: Source Caution | Q41: Situation | R41: Coverage
A42: 2 | B42: P | C42: P&10 | D42: DRAW | E42: BOURBON | F42: 11 | G42: 2X2 | H42: RUSH | I42: 14 | J42: 0 | K42: 1 | L42: Y | M42: RUSH | N42: 2x2 | O42: 11P_2X2 | Q42: =IF(B42="","",IF(B42="P","P&10",B42&"D "&C42)) -> P&10 | R42: =IF(L42<>"Y","",IF(COUNTIF('DEF_CALL_DECISION_SUPPORT'!$B$1197:$B$1256,SUBSTITUTE(SUBSTITUTE(SUBSTITUTE(E42,"~","~~"),"*","~*"),"?","~?"))>0,"KNOWN","REVIEW: new call; refresh sources")) -> KNOWN
A43: 3 | B43: P | C43: P&10 | D43: INSIDE ZONE | E43: BOURBON | F43: 11 | G43: 2X2 | H43: RUSH | I43: 4 | J43: 0 | K43: 0 | L43: Y | M43: RUSH | N43: 2x2 | O43: 11P_2X2 | Q43: =IF(B43="","",IF(B43="P","P&10",B43&"D "&C43)) -> P&10 | R43: =IF(L43<>"Y","",IF(COUNTIF('DEF_CALL_DECISION_SUPPORT'!$B$1197:$B$1256,SUBSTITUTE(SUBSTITUTE(SUBSTITUTE(E43,"~","~~"),"*","~*"),"?","~?"))>0,"KNOWN","REVIEW: new call; refresh sources")) -> KNOWN
A44: 4 | B44: P | C44: P&10 | D44: INSIDE ZONE | E44: BOURBON | F44: 11 | G44: 2X2 | H44: RUSH | I44: 7 | J44: 0 | K44: 0 | L44: Y | M44: RUSH | N44: 2x2 | O44: 11P_2X2 | Q44: =IF(B44="","",IF(B44="P","P&10",B44&"D "&C44)) -> P&10 | R44: =IF(L44<>"Y","",IF(COUNTIF('DEF_CALL_DECISION_SUPPORT'!$B$1197:$B$1256,SUBSTITUTE(SUBSTITUTE(SUBSTITUTE(E44,"~","~~"),"*","~*"),"?","~?"))>0,"KNOWN","REVIEW: new call; refresh sources")) -> KNOWN
A45: 5 | B45: P | C45: P&10 | D45: PAP | E45: BOURBON | F45: 00 | G45: 2X2 | H45: DROPBACK | I45: 47 | J45: 0 | K45: 1 | L45: Y | M45: COMPLETE | N45: 2x2 | O45: OTHER | Q45: =IF(B45="","",IF(B45="P","P&10",B45&"D "&C45)) -> P&10 | R45: =IF(L45<>"Y","",IF(COUNTIF('DEF_CALL_DECISION_SUPPORT'!$B$1197:$B$1256,SUBSTITUTE(SUBSTITUTE(SUBSTITUTE(E45,"~","~~"),"*","~*"),"?","~?"))>0,"KNOWN","REVIEW: new call; refresh sources")) -> KNOWN
A46: 6 | B46: P | C46: P&10 | D46: COUNTER | E46: BOURBON | F46: 00 | G46: 3X1 | H46: RUSH | I46: 4 | J46: 0 | K46: 0 | L46: Y | M46: RUSH | N46: 3x1 | O46: 00P_3X1 | Q46: =IF(B46="","",IF(B46="P","P&10",B46&"D "&C46)) -> P&10 | R46: =IF(L46<>"Y","",IF(COUNTIF('DEF_CALL_DECISION_SUPPORT'!$B$1197:$B$1256,SUBSTITUTE(SUBSTITUTE(SUBSTITUTE(E46,"~","~~"),"*","~*"),"?","~?"))>0,"KNOWN","REVIEW: new call; refresh sources")) -> KNOWN
A47: 7 | B47: P | C47: P&10 | D47: INSIDE ZONE | E47: BOURBON | F47: 00 | G47: 2X2 | H47: RUSH | I47: 6 | J47: 0 | K47: 0 | L47: Y | M47: RUSH | N47: 2x2 | O47: OTHER | Q47: =IF(B47="","",IF(B47="P","P&10",B47&"D "&C47)) -> P&10 | R47: =IF(L47<>"Y","",IF(COUNTIF('DEF_CALL_DECISION_SUPPORT'!$B$1197:$B$1256,SUBSTITUTE(SUBSTITUTE(SUBSTITUTE(E47,"~","~~"),"*","~*"),"?","~?"))>0,"KNOWN","REVIEW: new call; refresh sources")) -> KNOWN
A48: 8 | B48: P | C48: P&10 | D48: INSIDE ZONE | E48: KEY CAPTAIN | F48: 12 | G48: 3X1 | H48: RUSH | I48: 5 | J48: 0 | K48: 0 | L48: Y | M48: RUSH | N48: 1x3 | O48: 12P_3X1 | Q48: =IF(B48="","",IF(B48="P","P&10",B48&"D "&C48)) -> P&10 | R48: =IF(L48<>"Y","",IF(COUNTIF('DEF_CALL_DECISION_SUPPORT'!$B$1197:$B$1256,SUBSTITUTE(SUBSTITUTE(SUBSTITUTE(E48,"~","~~"),"*","~*"),"?","~?"))>0,"KNOWN","REVIEW: new call; refresh sources")) -> KNOWN
A49: 9 | B49: P | C49: P&10 | D49: PAP | E49: KEY CAPTAIN | F49: 12 | G49: 3X1 | H49: DROPBACK | I49: -7 | J49: 1 | K49: 0 | L49: Y | M49: SACK | N49: 3x1 | O49: 12P_3X1 | Q49: =IF(B49="","",IF(B49="P","P&10",B49&"D "&C49)) -> P&10 | R49: =IF(L49<>"Y","",IF(COUNTIF('DEF_CALL_DECISION_SUPPORT'!$B$1197:$B$1256,SUBSTITUTE(SUBSTITUTE(SUBSTITUTE(E49,"~","~~"),"*","~*"),"?","~?"))>0,"KNOWN","REVIEW: new call; refresh sources")) -> KNOWN
A50: 10 | B50: P | C50: P&10 | D50: INSIDE ZONE | E50: KEY CAPTAIN | F50: 12 | G50: 2X2 | H50: RUSH | I50: 6 | J50: 0 | K50: 0 | L50: Y | M50: RUSH | N50: 2x2 | O50: 12P_2X2 | Q50: =IF(B50="","",IF(B50="P","P&10",B50&"D "&C50)) -> P&10 | R50: =IF(L50<>"Y","",IF(COUNTIF('DEF_CALL_DECISION_SUPPORT'!$B$1197:$B$1256,SUBSTITUTE(SUBSTITUTE(SUBSTITUTE(E50,"~","~~"),"*","~*"),"?","~?"))>0,"KNOWN","REVIEW: new call; refresh sources")) -> KNOWN
A51: 11 | B51: P | C51: P&10 | D51: INSIDE ZONE | E51: KEY CAPTAIN | F51: 12 | G51: 2X2 | H51: RUSH | I51: 2 | J51: 1 | K51: 0 | L51: Y | M51: RUSH | N51: 2x2 | O51: 12P_2X2 | Q51: =IF(B51="","",IF(B51="P","P&10",B51&"D "&C51)) -> P&10 | R51: =IF(L51<>"Y","",IF(COUNTIF('DEF_CALL_DECISION_SUPPORT'!$B$1197:$B$1256,SUBSTITUTE(SUBSTITUTE(SUBSTITUTE(E51,"~","~~"),"*","~*"),"?","~?"))>0,"KNOWN","REVIEW: new call; refresh sources")) -> KNOWN
A52: 12 | B52: P | C52: P&10 | D52: RPO | E52: TEX | F52: 11 | G52: 3X1 | H52: DROPBACK | I52: 0 | J52: 1 | K52: 0 | L52: Y | M52: INCOMPLETE | N52: 3x1 | O52: 11P_3X1 | Q52: =IF(B52="","",IF(B52="P","P&10",B52&"D "&C52)) -> P&10 | R52: =IF(L52<>"Y","",IF(COUNTIF('DEF_CALL_DECISION_SUPPORT'!$B$1197:$B$1256,SUBSTITUTE(SUBSTITUTE(SUBSTITUTE(E52,"~","~~"),"*","~*"),"?","~?"))>0,"KNOWN","REVIEW: new call; refresh sources")) -> KNOWN
A53: 13 | B53: P | C53: P&10 | D53: BOOT | E53: TEX | F53: 11 | G53: 3X1 | H53: DROPBACK | I53: -10 | J53: 1 | K53: 0 | L53: Y | M53: SACK | N53: 1x3 | O53: 11P_3X1 | Q53: =IF(B53="","",IF(B53="P","P&10",B53&"D "&C53)) -> P&10 | R53: =IF(L53<>"Y","",IF(COUNTIF('DEF_CALL_DECISION_SUPPORT'!$B$1197:$B$1256,SUBSTITUTE(SUBSTITUTE(SUBSTITUTE(E53,"~","~~"),"*","~*"),"?","~?"))>0,"KNOWN","REVIEW: new call; refresh sources")) -> KNOWN
... A62: 22 | B62: P | C62: P&10 | D62: RPO | E62: KEY BOURBON | F62: 12 | G62: 3X1 | H62: DROPBACK | I62: 14 | J62: 0 | K62: 0 | L62: Y | M62: COMPLETE | N62: 3x1 | O62: 12P_3X1 | Q62: =IF(B62="","",IF(B62="P","P&10",B62&"D "&C62)) -> P&10 | R62: =IF(L62<>"Y","",IF(COUNTIF('DEF_CALL_DECISION_SUPPORT'!$B$1197:$B$1256,SUBSTITUTE(SUBSTITUTE(SUBSTITUTE(E62,"~","~~"),"*","~*"),"?","~?"))>0,"KNOWN","REVIEW: new call; refresh sources")) -> KNOWN
A63: 23 | B63: P | C63: P&10 | E63: KEY BOURBON | F63: 12 | G63: 3X1 | H63: EXCLUDE | I63: 0 | L63: N | N63: 1x3 | O63: 12P_3X1 | P63: Excluded source record. | Q63: =IF(B63="","",IF(B63="P","P&10",B63&"D "&C63)) -> P&10 | R63: =IF(L63<>"Y","",IF(COUNTIF('DEF_CALL_DECISION_SUPPORT'!$B$1197:$B$1256,SUBSTITUTE(SUBSTITUTE(SUBSTITUTE(E63,"~","~~"),"*","~*"),"?","~?"))>0,"KNOWN","REVIEW: new call; refresh sources"))
A64: 24 | B64: P | C64: P&10 | D64: SPLIT ZONE | E64: MIX BOURBON | F64: 12 | G64: 2X2 | H64: RUSH | I64: 6 | J64: 0 | K64: 0 | L64: Y | M64: RUSH | N64: 2x2 | O64: 12P_2X2 | Q64: =IF(B64="","",IF(B64="P","P&10",B64&"D "&C64)) -> P&10 | R64: =IF(L64<>"Y","",IF(COUNTIF('DEF_CALL_DECISION_SUPPORT'!$B$1197:$B$1256,SUBSTITUTE(SUBSTITUTE(SUBSTITUTE(E64,"~","~~"),"*","~*"),"?","~?"))>0,"KNOWN","REVIEW: new call; refresh sources")) -> KNOWN
A65: 25 | B65: P | C65: P&10 | D65: INSIDE ZONE | E65: MIX BOURBON | F65: 11 | G65: 2X2 | H65: RUSH | I65: 17 | J65: 0 | K65: 1 | L65: Y | M65: RUSH | N65: 2x2 | O65: 11P_2X2 | Q65: =IF(B65="","",IF(B65="P","P&10",B65&"D "&C65)) -> P&10 | R65: =IF(L65<>"Y","",IF(COUNTIF('DEF_CALL_DECISION_SUPPORT'!$B$1197:$B$1256,SUBSTITUTE(SUBSTITUTE(SUBSTITUTE(E65,"~","~~"),"*","~*"),"?","~?"))>0,"KNOWN","REVIEW: new call; refresh sources")) -> KNOWN
A66: 26 | B66: P | C66: P&10 | D66: RPO | E66: OX | F66: 11 | G66: 3X1 | H66: DROPBACK | I66: 13 | J66: 0 | K66: 0 | L66: Y | M66: QB SCRAMBLE | N66: 1x3 | O66: 11P_3X1 | Q66: =IF(B66="","",IF(B66="P","P&10",B66&"D "&C66)) -> P&10 | R66: =IF(L66<>"Y","",IF(COUNTIF('DEF_CALL_DECISION_SUPPORT'!$B$1197:$B$1256,SUBSTITUTE(SUBSTITUTE(SUBSTITUTE(E66,"~","~~"),"*","~*"),"?","~?"))>0,"KNOWN","REVIEW: new call; refresh sources")) -> KNOWN
A67: 27 | B67: P | C67: P&10 | D67: INSIDE ZONE | E67: OX | F67: 11 | G67: 2X2 | H67: RUSH | I67: 4 | J67: 0 | K67: 0 | L67: Y | M67: RUSH | N67: 2x2 | O67: 11P_2X2 | Q67: =IF(B67="","",IF(B67="P","P&10",B67&"D "&C67)) -> P&10 | R67: =IF(L67<>"Y","",IF(COUNTIF('DEF_CALL_DECISION_SUPPORT'!$B$1197:$B$1256,SUBSTITUTE(SUBSTITUTE(SUBSTITUTE(E67,"~","~~"),"*","~*"),"?","~?"))>0,"KNOWN","REVIEW: new call; refresh sources")) -> KNOWN
A68: 28 | B68: P | C68: P&10 | E68: 9 DICE | H68: EXCLUDE | I68: 0 | L68: N | P68: Excluded source record. | Q68: =IF(B68="","",IF(B68="P","P&10",B68&"D "&C68)) -> P&10 | R68: =IF(L68<>"Y","",IF(COUNTIF('DEF_CALL_DECISION_SUPPORT'!$B$1197:$B$1256,SUBSTITUTE(SUBSTITUTE(SUBSTITUTE(E68,"~","~~"),"*","~*"),"?","~?"))>0,"KNOWN","REVIEW: new call; refresh sources"))
A69: 29 | B69: P | C69: P&10 | D69: 3 STEP | E69: BLIZZARD | F69: 11 | G69: 3X1 | H69: DROPBACK | I69: 3 | J69: 1 | K69: 0 | L69: Y | M69: COMPLETE | N69: 3x1 | O69: 11P_3X1 | Q69: =IF(B69="","",IF(B69="P","P&10",B69&"D "&C69)) -> P&10 | R69: =IF(L69<>"Y","",IF(COUNTIF('DEF_CALL_DECISION_SUPPORT'!$B$1197:$B$1256,SUBSTITUTE(SUBSTITUTE(SUBSTITUTE(E69,"~","~~"),"*","~*"),"?","~?"))>0,"KNOWN","REVIEW: new call; refresh sources")) -> KNOWN
A70: 30 | B70: P | C70: P&10 | D70: FUZZY | E70: BOOGIE | F70: 11 | G70: 2X2 | H70: DROPBACK | I70: 72 | J70: 0 | K70: 1 | L70: Y | M70: COMPLETE | N70: 2x2 | O70: 11P_2X2 | Q70: =IF(B70="","",IF(B70="P","P&10",B70&"D "&C70)) -> P&10 | R70: =IF(L70<>"Y","",IF(COUNTIF('DEF_CALL_DECISION_SUPPORT'!$B$1197:$B$1256,SUBSTITUTE(SUBSTITUTE(SUBSTITUTE(E70,"~","~~"),"*","~*"),"?","~?"))>0,"KNOWN","REVIEW: new call; refresh sources")) -> KNOWN
A71: 31 | B71: P | C71: P&10 | D71: KNEEL | E71: FIELD CUB ZONE | F71: 12 | G71: 1X1 | H71: EXCLUDE | I71: -2 | L71: N | M71: KNEEL | N71: 1x1 | O71: OTHER | P71: Excluded source record. | Q71: =IF(B71="","",IF(B71="P","P&10",B71&"D "&C71)) -> P&10 | R71: =IF(L71<>"Y","",IF(COUNTIF('DEF_CALL_DECISION_SUPPORT'!$B$1197:$B$1256,SUBSTITUTE(SUBSTITUTE(SUBSTITUTE(E71,"~","~~"),"*","~*"),"?","~?"))>0,"KNOWN","REVIEW: new call; refresh sources"))
A72: 32 | B72: P | C72: P&10 | D72: INSIDE ZONE | E72: KEY SHINE | F72: 12 | G72: 2X2 | H72: RUSH | I72: 4 | J72: 0 | K72: 0 | L72: Y | M72: RUSH | N72: 2x2 | O72: 12P_2X2 | Q72: =IF(B72="","",IF(B72="P","P&10",B72&"D "&C72)) -> P&10 | R72: =IF(L72<>"Y","",IF(COUNTIF('DEF_CALL_DECISION_SUPPORT'!$B$1197:$B$1256,SUBSTITUTE(SUBSTITUTE(SUBSTITUTE(E72,"~","~~"),"*","~*"),"?","~?"))>0,"KNOWN","REVIEW: new call; refresh sources")) -> KNOWN
A73: 33 | B73: P | C73: P&10 | D73: 3 STEP | E73: KNIFE | F73: 11 | G73: 3X1 | H73: DROPBACK | I73: 8 | J73: 0 | K73: 0 | L73: Y | M73: COMPLETE | N73: 1x3 | O73: 11P_3X1 | Q73: =IF(B73="","",IF(B73="P","P&10",B73&"D "&C73)) -> P&10 | R73: =IF(L73<>"Y","",IF(COUNTIF('DEF_CALL_DECISION_SUPPORT'!$B$1197:$B$1256,SUBSTITUTE(SUBSTITUTE(SUBSTITUTE(E73,"~","~~"),"*","~*"),"?","~?"))>0,"KNOWN","REVIEW: new call; refresh sources")) -> KNOWN
A74: 34 | B74: P | C74: P&10 | D74: OUTSIDE ZONE | E74: MIX SHINE | F74: 11 | G74: 3X1 | H74: RUSH | I74: 4 | J74: 0 | K74: 0 | L74: Y | M74: RUSH | N74: 3x1 | O74: 11P_3X1 | Q74: =IF(B74="","",IF(B74="P","P&10",B74&"D "&C74)) -> P&10 | R74: =IF(L74<>"Y","",IF(COUNTIF('DEF_CALL_DECISION_SUPPORT'!$B$1197:$B$1256,SUBSTITUTE(SUBSTITUTE(SUBSTITUTE(E74,"~","~~"),"*","~*"),"?","~?"))>0,"KNOWN","REVIEW: new call; refresh sources")) -> KNOWN
A75: 35 | B75: P | C75: P&10 | D75: RPO | E75: RAMBO | F75: 11 | G75: 3X1 | H75: DROPBACK | I75: 55 | J75: 0 | K75: 1 | L75: Y | M75: COMPLETE | N75: 1x3 | O75: 11P_3X1 | Q75: =IF(B75="","",IF(B75="P","P&10",B75&"D "&C75)) -> P&10 | R75: =IF(L75<>"Y","",IF(COUNTIF('DEF_CALL_DECISION_SUPPORT'!$B$1197:$B$1256,SUBSTITUTE(SUBSTITUTE(SUBSTITUTE(E75,"~","~~"),"*","~*"),"?","~?"))>0,"KNOWN","REVIEW: new call; refresh sources")) -> KNOWN
A76: 36 | B76: P | C76: P&10 | D76: COUNTER | E76: SILVER KNIFE | F76: 11 | G76: 3X1 | H76: RUSH | I76: 25 | J76: 0 | K76: 1 | L76: Y | M76: RUSH | N76: 3x1 | O76: 11P_3X1 | Q76: =IF(B76="","",IF(B76="P","P&10",B76&"D "&C76)) -> P&10 | R76: =IF(L76<>"Y","",IF(COUNTIF('DEF_CALL_DECISION_SUPPORT'!$B$1197:$B$1256,SUBSTITUTE(SUBSTITUTE(SUBSTITUTE(E76,"~","~~"),"*","~*"),"?","~?"))>0,"KNOWN","REVIEW: new call; refresh sources")) -> KNOWN
A77: 37 | B77: P | C77: P&10 | D77: SPLIT ZONE | E77: TORNADO | F77: 11 | G77: 3X1 | H77: RUSH | I77: 9 | J77: 0 | K77: 0 | L77: Y | M77: RUSH | N77: 1x3 | O77: 11P_3X1 | Q77: =IF(B77="","",IF(B77="P","P&10",B77&"D "&C77)) -> P&10 | R77: =IF(L77<>"Y","",IF(COUNTIF('DEF_CALL_DECISION_SUPPORT'!$B$1197:$B$1256,SUBSTITUTE(SUBSTITUTE(SUBSTITUTE(E77,"~","~~"),"*","~*"),"?","~?"))>0,"KNOWN","REVIEW: new call; refresh sources")) -> KNOWN
A78: 38 | B78: 1 | C78: 7-10 | D78: OUTSIDE ZONE | E78: BOURBON | F78: 11 | G78: 3X1 | H78: RUSH | I78: 8 | J78: 0 | K78: 0 | L78: Y | M78: RUSH | N78: 3x1 | O78: 11P_3X1 | Q78: =IF(B78="","",IF(B78="P","P&10",B78&"D "&C78)) -> 1D 7-10 | R78: =IF(L78<>"Y","",IF(COUNTIF('DEF_CALL_DECISION_SUPPORT'!$B$1197:$B$1256,SUBSTITUTE(SUBSTITUTE(SUBSTITUTE(E78,"~","~~"),"*","~*"),"?","~?"))>0,"KNOWN","REVIEW: new call; refresh sources")) -> KNOWN
A79: 39 | B79: 1 | C79: 7-10 | D79: 5 STEP | E79: BOURBON | F79: 11 | G79: 3X1 | H79: DROPBACK | I79: 0 | J79: 1 | K79: 0 | L79: Y | M79: INCOMPLETE | N79: 3x1 | O79: 11P_3X1 | Q79: =IF(B79="","",IF(B79="P","P&10",B79&"D "&C79)) -> 1D 7-10 | R79: =IF(L79<>"Y","",IF(COUNTIF('DEF_CALL_DECISION_SUPPORT'!$B$1197:$B$1256,SUBSTITUTE(SUBSTITUTE(SUBSTITUTE(E79,"~","~~"),"*","~*"),"?","~?"))>0,"KNOWN","REVIEW: new call; refresh sources")) -> KNOWN
A80: 40 | B80: 1 | C80: 7-10 | D80: OUTSIDE ZONE | E80: BOURBON | F80: 11 | G80: 3X1 | H80: RUSH | I80: 3 | J80: 1 | K80: 0 | L80: Y | M80: RUSH | N80: 1x3 | O80: 11P_3X1 | Q80: =IF(B80="","",IF(B80="P","P&10",B80&"D "&C80)) -> 1D 7-10 | R80: =IF(L80<>"Y","",IF(COUNTIF('DEF_CALL_DECISION_SUPPORT'!$B$1197:$B$1256,SUBSTITUTE(SUBSTITUTE(SUBSTITUTE(E80,"~","~~"),"*","~*"),"?","~?"))>0,"KNOWN","REVIEW: new call; refresh sources")) -> KNOWN
A81: 41 | B81: 1 | C81: 7-10 | D81: COUNTER | E81: BOURBON | F81: 00 | G81: 3X1 | H81: RUSH | I81: 7 | J81: 0 | K81: 0 | L81: Y | M81: RUSH | N81: 3X1 | O81: 00P_3X1 | Q81: =IF(B81="","",IF(B81="P","P&10",B81&"D "&C81)) -> 1D 7-10 | R81: =IF(L81<>"Y","",IF(COUNTIF('DEF_CALL_DECISION_SUPPORT'!$B$1197:$B$1256,SUBSTITUTE(SUBSTITUTE(SUBSTITUTE(E81,"~","~~"),"*","~*"),"?","~?"))>0,"KNOWN","REVIEW: new call; refresh sources")) -> KNOWN
A82: 42 | B82: 1 | C82: 7-10 | D82: 3 STEP | E82: BOURBON | F82: 11 | G82: 3X2 | H82: DROPBACK | I82: 11 | J82: 0 | K82: 0 | L82: Y | M82: COMPLETE | N82: 3x2 | O82: OTHER | Q82: =IF(B82="","",IF(B82="P","P&10",B82&"D "&C82)) -> 1D 7-10 | R82: =IF(L82<>"Y","",IF(COUNTIF('DEF_CALL_DECISION_SUPPORT'!$B$1197:$B$1256,SUBSTITUTE(SUBSTITUTE(SUBSTITUTE(E82,"~","~~"),"*","~*"),"?","~?"))>0,"KNOWN","REVIEW: new call; refresh sources")) -> KNOWN
A83: 43 | B83: 1 | C83: 7-10 | D83: OUTSIDE ZONE | E83: BOURBON | F83: 00 | G83: 3X1 | H83: RUSH | I83: 5 | J83: 0 | K83: 0 | L83: Y | M83: RUSH | N83: 3X1 | O83: 00P_3X1 | Q83: =IF(B83="","",IF(B83="P","P&10",B83&"D "&C83)) -> 1D 7-10 | R83: =IF(L83<>"Y","",IF(COUNTIF('DEF_CALL_DECISION_SUPPORT'!$B$1197:$B$1256,SUBSTITUTE(SUBSTITUTE(SUBSTITUTE(E83,"~","~~"),"*","~*"),"?","~?"))>0,"KNOWN","REVIEW: new call; refresh sources")) -> KNOWN
A84: 44 | B84: 1 | C84: 7-10 | E84: BOURBON | F84: 00 | H84: EXCLUDE | I84: 0 | L84: N | P84: Excluded source record. | Q84: =IF(B84="","",IF(B84="P","P&10",B84&"D "&C84)) -> 1D 7-10 | R84: =IF(L84<>"Y","",IF(COUNTIF('DEF_CALL_DECISION_SUPPORT'!$B$1197:$B$1256,SUBSTITUTE(SUBSTITUTE(SUBSTITUTE(E84,"~","~~"),"*","~*"),"?","~?"))>0,"KNOWN","REVIEW: new call; refresh sources"))
A85: 45 | B85: 1 | C85: 7-10 | D85: 3 STEP | E85: REBEL | F85: 11 | G85: 2X2 | H85: DROPBACK | I85: 3 | J85: 1 | K85: 0 | L85: Y | M85: COMPLETE | N85: 2x2 | O85: 11P_2X2 | Q85: =IF(B85="","",IF(B85="P","P&10",B85&"D "&C85)) -> 1D 7-10 | R85: =IF(L85<>"Y","",IF(COUNTIF('DEF_CALL_DECISION_SUPPORT'!$B$1197:$B$1256,SUBSTITUTE(SUBSTITUTE(SUBSTITUTE(E85,"~","~~"),"*","~*"),"?","~?"))>0,"KNOWN","REVIEW: new call; refresh sources")) -> KNOWN
A86: 46 | B86: 1 | C86: 7-10 | D86: 5 STEP | E86: REBEL | F86: 11 | G86: 2X2 | H86: TD | I86: 29 | J86: 0 | K86: 1 | L86: Y | M86: PASS TD | N86: 2x2 | O86: 11P_2X2 | Q86: =IF(B86="","",IF(B86="P","P&10",B86&"D "&C86)) -> 1D 7-10 | R86: =IF(L86<>"Y","",IF(COUNTIF('DEF_CALL_DECISION_SUPPORT'!$B$1197:$B$1256,SUBSTITUTE(SUBSTITUTE(SUBSTITUTE(E86,"~","~~"),"*","~*"),"?","~?"))>0,"KNOWN","REVIEW: new call; refresh sources")) -> KNOWN
A87: 47 | B87: 1 | C87: 7-10 | D87: 5 STEP | E87: REBEL | F87: 11 | G87: 3X1 | H87: DROPBACK | I87: 14 | J87: 0 | K87: 0 | L87: Y | M87: COMPLETE | N87: 3x1 | O87: 11P_3X1 | Q87: =IF(B87="","",IF(B87="P","P&10",B87&"D "&C87)) -> 1D 7-10 | R87: =IF(L87<>"Y","",IF(COUNTIF('DEF_CALL_DECISION_SUPPORT'!$B$1197:$B$1256,SUBSTITUTE(SUBSTITUTE(SUBSTITUTE(E87,"~","~~"),"*","~*"),"?","~?"))>0,"KNOWN","REVIEW: new call; refresh sources")) -> KNOWN
A88: 48 | B88: 1 | C88: 4-6 | D88: SOP | E88: RAMBO | F88: 12 | G88: 2X2 | H88: DROPBACK | I88: 5 | J88: 1 | K88: 0 | L88: Y | M88: COMPLETE | N88: 2x2 | O88: 12P_2X2 | Q88: =IF(B88="","",IF(B88="P","P&10",B88&"D "&C88)) -> 1D 4-6 | R88: =IF(L88<>"Y","",IF(COUNTIF('DEF_CALL_DECISION_SUPPORT'!$B$1197:$B$1256,SUBSTITUTE(SUBSTITUTE(SUBSTITUTE(E88,"~","~~"),"*","~*"),"?","~?"))>0,"KNOWN","REVIEW: new call; refresh sources")) -> KNOWN
A89: 49 | B89: 1 | C89: 7-10 | D89: PAP | E89: RAMBO | F89: 11 | G89: 2X2 | H89: DROPBACK | I89: 0 | J89: 1 | K89: 0 | L89: Y | M89: INCOMPLETE | N89: 2x2 | O89: 11P_2X2 | Q89: =IF(B89="","",IF(B89="P","P&10",B89&"D "&C89)) -> 1D 7-10 | R89: =IF(L89<>"Y","",IF(COUNTIF('DEF_CALL_DECISION_SUPPORT'!$B$1197:$B$1256,SUBSTITUTE(SUBSTITUTE(SUBSTITUTE(E89,"~","~~"),"*","~*"),"?","~?"))>0,"KNOWN","REVIEW: new call; refresh sources")) -> KNOWN
A90: 50 | B90: 1 | C90: 11+ | D90: MAN | E90: RAMBO | F90: 12 | G90: 2X2 | H90: RUSH | I90: 9 | J90: 0 | K90: 0 | L90: Y | M90: RUSH | N90: 2x2 | O90: 12P_2X2 | Q90: =IF(B90="","",IF(B90="P","P&10",B90&"D "&C90)) -> 1D 11+ | R90: =IF(L90<>"Y","",IF(COUNTIF('DEF_CALL_DECISION_SUPPORT'!$B$1197:$B$1256,SUBSTITUTE(SUBSTITUTE(SUBSTITUTE(E90,"~","~~"),"*","~*"),"?","~?"))>0,"KNOWN","REVIEW: new call; refresh sources")) -> KNOWN
A91: 51 | B91: 1 | C91: 7-10 | D91: INSIDE ZONE | E91: TEX | F91: 11 | G91: 4X1 | H91: TD | I91: 8 | J91: 0 | K91: 0 | L91: Y | M91: RUSH TD | N91: 0x4 | O91: OTHER | Q91: =IF(B91="","",IF(B91="P","P&10",B91&"D "&C91)) -> 1D 7-10 | R91: =IF(L91<>"Y","",IF(COUNTIF('DEF_CALL_DECISION_SUPPORT'!$B$1197:$B$1256,SUBSTITUTE(SUBSTITUTE(SUBSTITUTE(E91,"~","~~"),"*","~*"),"?","~?"))>0,"KNOWN","REVIEW: new call; refresh sources")) -> KNOWN
A92: 52 | B92: 1 | C92: 7-10 | D92: 5 STEP | E92: TEX | F92: 11 | G92: 2X2 | H92: DROPBACK | I92: 7 | J92: 1 | K92: 0 | L92: Y | M92: COMPLETE | N92: 2x2 | O92: 11P_2X2 | Q92: =IF(B92="","",IF(B92="P","P&10",B92&"D "&C92)) -> 1D 7-10 | R92: =IF(L92<>"Y","",IF(COUNTIF('DEF_CALL_DECISION_SUPPORT'!$B$1197:$B$1256,SUBSTITUTE(SUBSTITUTE(SUBSTITUTE(E92,"~","~~"),"*","~*"),"?","~?"))>0,"KNOWN","REVIEW: new call; refresh sources")) -> KNOWN
A93: 53 | B93: 1 | C93: 7-10 | D93: INSIDE ZONE | E93: KNIFE | F93: 11 | G93: 3X1 | H93: RUSH | I93: 5 | J93: 0 | K93: 0 | L93: Y | M93: RUSH | N93: 3x1 | O93: 11P_3X1 | Q93: =IF(B93="","",IF(B93="P","P&10",B93&"D "&C93)) -> 1D 7-10 | R93: =IF(L93<>"Y","",IF(COUNTIF('DEF_CALL_DECISION_SUPPORT'!$B$1197:$B$1256,SUBSTITUTE(SUBSTITUTE(SUBSTITUTE(E93,"~","~~"),"*","~*"),"?","~?"))>0,"KNOWN","REVIEW: new call; refresh sources")) -> KNOWN
A94: 54 | B94: 1 | C94: 7-10 | D94: 5 STEP | E94: KNIFE | F94: 11 | G94: 3X2 | H94: DROPBACK | I94: 8 | J94: 0 | K94: 0 | L94: Y | M94: COMPLETE | N94: 2x3 | O94: OTHER | Q94: =IF(B94="","",IF(B94="P","P&10",B94&"D "&C94)) -> 1D 7-10 | R94: =IF(L94<>"Y","",IF(COUNTIF('DEF_CALL_DECISION_SUPPORT'!$B$1197:$B$1256,SUBSTITUTE(SUBSTITUTE(SUBSTITUTE(E94,"~","~~"),"*","~*"),"?","~?"))>0,"KNOWN","REVIEW: new call; refresh sources")) -> KNOWN
A95: 55 | B95: 1 | C95: 7-10 | D95: FLY TOSS | E95: KNIFE | F95: 11 | G95: 2X2 | H95: DROPBACK | I95: 6 | J95: 1 | K95: 0 | L95: Y | M95: COMPLETE | N95: 2x2 | O95: 11P_2X2 | Q95: =IF(B95="","",IF(B95="P","P&10",B95&"D "&C95)) -> 1D 7-10 | R95: =IF(L95<>"Y","",IF(COUNTIF('DEF_CALL_DECISION_SUPPORT'!$B$1197:$B$1256,SUBSTITUTE(SUBSTITUTE(SUBSTITUTE(E95,"~","~~"),"*","~*"),"?","~?"))>0,"KNOWN","REVIEW: new call; refresh sources")) -> KNOWN
A96: 56 | B96: 1 | C96: 7-10 | D96: 5 STEP | E96: KNIFE | F96: 11 | G96: 2X2 | H96: DROPBACK | I96: 5 | J96: 1 | K96: 0 | L96: Y | M96: COMPLETE | N96: 2x2 | O96: 11P_2X2 | Q96: =IF(B96="","",IF(B96="P","P&10",B96&"D "&C96)) -> 1D 7-10 | R96: =IF(L96<>"Y","",IF(COUNTIF('DEF_CALL_DECISION_SUPPORT'!$B$1197:$B$1256,SUBSTITUTE(SUBSTITUTE(SUBSTITUTE(E96,"~","~~"),"*","~*"),"?","~?"))>0,"KNOWN","REVIEW: new call; refresh sources")) -> KNOWN
... A103: 63 | B103: 1 | C103: 1-3 | D103: INSIDE ZONE | E103: 9 DICE | F103: 11 | G103: 2X2 | H103: TD | I103: 1 | J103: 0 | K103: 0 | L103: Y | M103: RUSH TD | N103: 2x2 | O103: 11P_2X2 | Q103: =IF(B103="","",IF(B103="P","P&10",B103&"D "&C103)) -> 1D 1-3 | R103: =IF(L103<>"Y","",IF(COUNTIF('DEF_CALL_DECISION_SUPPORT'!$B$1197:$B$1256,SUBSTITUTE(SUBSTITUTE(SUBSTITUTE(E103,"~","~~"),"*","~*"),"?","~?"))>0,"KNOWN","REVIEW: new call; refresh sources")) -> KNOWN
A104: 64 | B104: 1 | C104: 11+ | E104: CAPTAIN | F104: 00 | H104: EXCLUDE | I104: -2 | L104: N | M104: KNEEL | P104: Excluded source record. | Q104: =IF(B104="","",IF(B104="P","P&10",B104&"D "&C104)) -> 1D 11+ | R104: =IF(L104<>"Y","",IF(COUNTIF('DEF_CALL_DECISION_SUPPORT'!$B$1197:$B$1256,SUBSTITUTE(SUBSTITUTE(SUBSTITUTE(E104,"~","~~"),"*","~*"),"?","~?"))>0,"KNOWN","REVIEW: new call; refresh sources"))
A105: 65 | B105: 1 | C105: 7-10 | D105: INSIDE ZONE | E105: CAPTAIN | F105: 11 | G105: 2X2 | H105: RUSH | I105: 0 | J105: 1 | K105: 0 | L105: Y | M105: RUSH | N105: 2x2 | O105: 11P_2X2 | Q105: =IF(B105="","",IF(B105="P","P&10",B105&"D "&C105)) -> 1D 7-10 | R105: =IF(L105<>"Y","",IF(COUNTIF('DEF_CALL_DECISION_SUPPORT'!$B$1197:$B$1256,SUBSTITUTE(SUBSTITUTE(SUBSTITUTE(E105,"~","~~"),"*","~*"),"?","~?"))>0,"KNOWN","REVIEW: new call; refresh sources")) -> KNOWN
A106: 66 | B106: 1 | C106: 7-10 | D106: 5 STEP | E106: CAPTAIN | F106: 11 | G106: 3X2 | H106: DROPBACK | I106: -4 | J106: 1 | K106: 0 | L106: Y | M106: SACK | N106: 2x3 | O106: OTHER | Q106: =IF(B106="","",IF(B106="P","P&10",B106&"D "&C106)) -> 1D 7-10 | R106: =IF(L106<>"Y","",IF(COUNTIF('DEF_CALL_DECISION_SUPPORT'!$B$1197:$B$1256,SUBSTITUTE(SUBSTITUTE(SUBSTITUTE(E106,"~","~~"),"*","~*"),"?","~?"))>0,"KNOWN","REVIEW: new call; refresh sources")) -> KNOWN
A107: 67 | B107: 1 | C107: 7-10 | D107: 3 STEP | E107: EAGLE | F107: 11 | G107: 2X2 | H107: DROPBACK | I107: 6 | J107: 1 | K107: 0 | L107: Y | M107: COMPLETE | N107: 2x2 | O107: 11P_2X2 | Q107: =IF(B107="","",IF(B107="P","P&10",B107&"D "&C107)) -> 1D 7-10 | R107: =IF(L107<>"Y","",IF(COUNTIF('DEF_CALL_DECISION_SUPPORT'!$B$1197:$B$1256,SUBSTITUTE(SUBSTITUTE(SUBSTITUTE(E107,"~","~~"),"*","~*"),"?","~?"))>0,"KNOWN","REVIEW: new call; refresh sources")) -> KNOWN
A108: 68 | B108: 1 | C108: 7-10 | D108: INSIDE ZONE | E108: FALCON | F108: 11 | G108: 3X1 | H108: TD | I108: 52 | J108: 0 | K108: 1 | L108: Y | M108: RUSH TD | N108: 3x1 | O108: 11P_3X1 | Q108: =IF(B108="","",IF(B108="P","P&10",B108&"D "&C108)) -> 1D 7-10 | R108: =IF(L108<>"Y","",IF(COUNTIF('DEF_CALL_DECISION_SUPPORT'!$B$1197:$B$1256,SUBSTITUTE(SUBSTITUTE(SUBSTITUTE(E108,"~","~~"),"*","~*"),"?","~?"))>0,"KNOWN","REVIEW: new call; refresh sources")) -> KNOWN
A109: 69 | B109: 1 | C109: 11+ | D109: PIN PULL | E109: FALCON | F109: 11 | G109: 3X1 | H109: RUSH | I109: 3 | J109: 1 | K109: 0 | L109: Y | M109: RUSH | N109: 3x1 | O109: 11P_3X1 | Q109: =IF(B109="","",IF(B109="P","P&10",B109&"D "&C109)) -> 1D 11+ | R109: =IF(L109<>"Y","",IF(COUNTIF('DEF_CALL_DECISION_SUPPORT'!$B$1197:$B$1256,SUBSTITUTE(SUBSTITUTE(SUBSTITUTE(E109,"~","~~"),"*","~*"),"?","~?"))>0,"KNOWN","REVIEW: new call; refresh sources")) -> KNOWN
A110: 70 | B110: 1 | C110: 7-10 | D110: OUTSIDE ZONE | E110: FALCON | F110: 11 | G110: 3X1 | H110: RUSH | I110: 9 | J110: 0 | K110: 0 | L110: Y | M110: RUSH | N110: 1x3 | O110: 11P_3X1 | Q110: =IF(B110="","",IF(B110="P","P&10",B110&"D "&C110)) -> 1D 7-10 | R110: =IF(L110<>"Y","",IF(COUNTIF('DEF_CALL_DECISION_SUPPORT'!$B$1197:$B$1256,SUBSTITUTE(SUBSTITUTE(SUBSTITUTE(E110,"~","~~"),"*","~*"),"?","~?"))>0,"KNOWN","REVIEW: new call; refresh sources")) -> KNOWN
A111: 71 | B111: 1 | C111: 7-10 | D111: INSIDE ZONE | E111: OX | F111: 00 | G111: 2X2 | H111: RUSH | I111: 4 | J111: 0 | K111: 0 | L111: Y | M111: RUSH | N111: 2x2 | O111: OTHER | Q111: =IF(B111="","",IF(B111="P","P&10",B111&"D "&C111)) -> 1D 7-10 | R111: =IF(L111<>"Y","",IF(COUNTIF('DEF_CALL_DECISION_SUPPORT'!$B$1197:$B$1256,SUBSTITUTE(SUBSTITUTE(SUBSTITUTE(E111,"~","~~"),"*","~*"),"?","~?"))>0,"KNOWN","REVIEW: new call; refresh sources")) -> KNOWN
A112: 72 | B112: 1 | C112: 7-10 | D112: 5 STEP | E112: SHINE BUC | F112: 11 | G112: 2X2 | H112: DROPBACK | I112: 0 | J112: 1 | K112: 0 | L112: Y | M112: INCOMPLETE | N112: 2x2 | O112: 11P_2X2 | Q112: =IF(B112="","",IF(B112="P","P&10",B112&"D "&C112)) -> 1D 7-10 | R112: =IF(L112<>"Y","",IF(COUNTIF('DEF_CALL_DECISION_SUPPORT'!$B$1197:$B$1256,SUBSTITUTE(SUBSTITUTE(SUBSTITUTE(E112,"~","~~"),"*","~*"),"?","~?"))>0,"KNOWN","REVIEW: new call; refresh sources")) -> KNOWN
A113: 73 | B113: 1 | C113: 7-10 | D113: DUO | E113: SHINE BUC | F113: 11 | G113: 3X1 | H113: RUSH | I113: 3 | J113: 1 | K113: 0 | L113: Y | M113: RUSH | N113: 1x3 | O113: 11P_3X1 | Q113: =IF(B113="","",IF(B113="P","P&10",B113&"D "&C113)) -> 1D 7-10 | R113: =IF(L113<>"Y","",IF(COUNTIF('DEF_CALL_DECISION_SUPPORT'!$B$1197:$B$1256,SUBSTITUTE(SUBSTITUTE(SUBSTITUTE(E113,"~","~~"),"*","~*"),"?","~?"))>0,"KNOWN","REVIEW: new call; refresh sources")) -> KNOWN
A114: 74 | B114: 1 | C114: 7-10 | D114: RPO | E114: STUD | F114: 11 | G114: 3X1 | H114: DROPBACK | I114: 4 | J114: 1 | K114: 0 | L114: Y | M114: COMPLETE | N114: 3x1 | O114: 11P_3X1 | Q114: =IF(B114="","",IF(B114="P","P&10",B114&"D "&C114)) -> 1D 7-10 | R114: =IF(L114<>"Y","",IF(COUNTIF('DEF_CALL_DECISION_SUPPORT'!$B$1197:$B$1256,SUBSTITUTE(SUBSTITUTE(SUBSTITUTE(E114,"~","~~"),"*","~*"),"?","~?"))>0,"KNOWN","REVIEW: new call; refresh sources")) -> KNOWN
A115: 75 | B115: 1 | C115: 7-10 | D115: 5 STEP | E115: STUD | F115: 11 | G115: 3X1 | H115: DROPBACK | I115: 23 | J115: 0 | K115: 1 | L115: Y | M115: COMPLETE | N115: 3x1 | O115: 11P_3X1 | Q115: =IF(B115="","",IF(B115="P","P&10",B115&"D "&C115)) -> 1D 7-10 | R115: =IF(L115<>"Y","",IF(COUNTIF('DEF_CALL_DECISION_SUPPORT'!$B$1197:$B$1256,SUBSTITUTE(SUBSTITUTE(SUBSTITUTE(E115,"~","~~"),"*","~*"),"?","~?"))>0,"KNOWN","REVIEW: new call; refresh sources")) -> KNOWN
A116: 76 | B116: 1 | C116: 7-10 | D116: INSIDE ZONE | E116: STUD | F116: 11 | G116: 3X1 | H116: RUSH | I116: 3 | J116: 1 | K116: 0 | L116: Y | M116: RUSH | N116: 1x3 | O116: 11P_3X1 | Q116: =IF(B116="","",IF(B116="P","P&10",B116&"D "&C116)) -> 1D 7-10 | R116: =IF(L116<>"Y","",IF(COUNTIF('DEF_CALL_DECISION_SUPPORT'!$B$1197:$B$1256,SUBSTITUTE(SUBSTITUTE(SUBSTITUTE(E116,"~","~~"),"*","~*"),"?","~?"))>0,"KNOWN","REVIEW: new call; refresh sources")) -> KNOWN
... A161: 121 | B161: 2 | C161: 4-6 | D161: RPO | E161: BOURBON | F161: 11 | G161: 3X1 | H161: DROPBACK | I161: 0 | J161: 1 | K161: 0 | L161: Y | M161: INCOMPLETE | N161: 3x1 | O161: 11P_3X1 | Q161: =IF(B161="","",IF(B161="P","P&10",B161&"D "&C161)) -> 2D 4-6 | R161: =IF(L161<>"Y","",IF(COUNTIF('DEF_CALL_DECISION_SUPPORT'!$B$1197:$B$1256,SUBSTITUTE(SUBSTITUTE(SUBSTITUTE(E161,"~","~~"),"*","~*"),"?","~?"))>0,"KNOWN","REVIEW: new call; refresh sources")) -> KNOWN
A162: 122 | B162: 2 | C162: 11+ | E162: BOURBON | F162: 00 | H162: EXCLUDE | I162: -4 | L162: N | M162: KNEEL | P162: Excluded source record. | Q162: =IF(B162="","",IF(B162="P","P&10",B162&"D "&C162)) -> 2D 11+ | R162: =IF(L162<>"Y","",IF(COUNTIF('DEF_CALL_DECISION_SUPPORT'!$B$1197:$B$1256,SUBSTITUTE(SUBSTITUTE(SUBSTITUTE(E162,"~","~~"),"*","~*"),"?","~?"))>0,"KNOWN","REVIEW: new call; refresh sources"))
A163: 123 | B163: 2 | C163: 7-10 | D163: 3 STEP | E163: FALCON | F163: 11 | G163: 3X1 | H163: DROPBACK | I163: 0 | J163: 1 | K163: 0 | L163: Y | M163: INTERCEPTION | N163: 3x1 | O163: 11P_3X1 | Q163: =IF(B163="","",IF(B163="P","P&10",B163&"D "&C163)) -> 2D 7-10 | R163: =IF(L163<>"Y","",IF(COUNTIF('DEF_CALL_DECISION_SUPPORT'!$B$1197:$B$1256,SUBSTITUTE(SUBSTITUTE(SUBSTITUTE(E163,"~","~~"),"*","~*"),"?","~?"))>0,"KNOWN","REVIEW: new call; refresh sources")) -> KNOWN
A164: 124 | B164: 2 | C164: 4-6 | D164: 5 STEP | E164: FALCON | F164: 11 | G164: 3X1 | H164: DROPBACK | I164: 10 | J164: 0 | K164: 0 | L164: Y | M164: COMPLETE | N164: 3x1 | O164: 11P_3X1 | Q164: =IF(B164="","",IF(B164="P","P&10",B164&"D "&C164)) -> 2D 4-6 | R164: =IF(L164<>"Y","",IF(COUNTIF('DEF_CALL_DECISION_SUPPORT'!$B$1197:$B$1256,SUBSTITUTE(SUBSTITUTE(SUBSTITUTE(E164,"~","~~"),"*","~*"),"?","~?"))>0,"KNOWN","REVIEW: new call; refresh sources")) -> KNOWN
A165: 125 | B165: 2 | C165: 7-10 | D165: OUTSIDE ZONE | E165: FALCON | F165: 00 | G165: 2X2 | H165: RUSH | I165: 12 | J165: 0 | K165: 1 | L165: Y | M165: RUSH | N165: 2x2 | O165: OTHER | Q165: =IF(B165="","",IF(B165="P","P&10",B165&"D "&C165)) -> 2D 7-10 | R165: =IF(L165<>"Y","",IF(COUNTIF('DEF_CALL_DECISION_SUPPORT'!$B$1197:$B$1256,SUBSTITUTE(SUBSTITUTE(SUBSTITUTE(E165,"~","~~"),"*","~*"),"?","~?"))>0,"KNOWN","REVIEW: new call; refresh sources")) -> KNOWN
A166: 126 | B166: 2 | C166: 4-6 | D166: 5 STEP | E166: HOUND KNIFE | F166: 11 | G166: 3X1 | H166: DROPBACK | I166: -1 | J166: 1 | K166: 0 | L166: Y | M166: COMPLETE | N166: 3x1 | O166: 11P_3X1 | Q166: =IF(B166="","",IF(B166="P","P&10",B166&"D "&C166)) -> 2D 4-6 | R166: =IF(L166<>"Y","",IF(COUNTIF('DEF_CALL_DECISION_SUPPORT'!$B$1197:$B$1256,SUBSTITUTE(SUBSTITUTE(SUBSTITUTE(E166,"~","~~"),"*","~*"),"?","~?"))>0,"KNOWN","REVIEW: new call; refresh sources")) -> KNOWN
A167: 127 | B167: 2 | C167: 11+ | D167: COUNTER | E167: HOUND KNIFE | F167: 11 | G167: 3X1 | H167: RUSH | I167: 6 | J167: 0 | K167: 0 | L167: Y | M167: RUSH | N167: 3x1 | O167: 11P_3X1 | Q167: =IF(B167="","",IF(B167="P","P&10",B167&"D "&C167)) -> 2D 11+ | R167: =IF(L167<>"Y","",IF(COUNTIF('DEF_CALL_DECISION_SUPPORT'!$B$1197:$B$1256,SUBSTITUTE(SUBSTITUTE(SUBSTITUTE(E167,"~","~~"),"*","~*"),"?","~?"))>0,"KNOWN","REVIEW: new call; refresh sources")) -> KNOWN
A168: 128 | B168: 2 | C168: 4-6 | D168: PAP | E168: HOUND KNIFE | F168: 00 | G168: 2X2 | H168: DROPBACK | I168: 5 | J168: 1 | K168: 0 | L168: Y | M168: COMPLETE | N168: 2x2 | O168: OTHER | Q168: =IF(B168="","",IF(B168="P","P&10",B168&"D "&C168)) -> 2D 4-6 | R168: =IF(L168<>"Y","",IF(COUNTIF('DEF_CALL_DECISION_SUPPORT'!$B$1197:$B$1256,SUBSTITUTE(SUBSTITUTE(SUBSTITUTE(E168,"~","~~"),"*","~*"),"?","~?"))>0,"KNOWN","REVIEW: new call; refresh sources")) -> KNOWN
A169: 129 | B169: 2 | C169: 7-10 | D169: RPO | E169: OX | F169: 11 | G169: 2X2 | H169: DROPBACK | I169: 9 | J169: 0 | K169: 0 | L169: Y | M169: COMPLETE | N169: 2x2 | O169: 11P_2X2 | Q169: =IF(B169="","",IF(B169="P","P&10",B169&"D "&C169)) -> 2D 7-10 | R169: =IF(L169<>"Y","",IF(COUNTIF('DEF_CALL_DECISION_SUPPORT'!$B$1197:$B$1256,SUBSTITUTE(SUBSTITUTE(SUBSTITUTE(E169,"~","~~"),"*","~*"),"?","~?"))>0,"KNOWN","REVIEW: new call; refresh sources")) -> KNOWN
A170: 130 | B170: 2 | C170: 4-6 | D170: COUNTER | E170: OX | F170: 00 | G170: 3X1 | H170: RUSH | I170: 5 | J170: 0 | K170: 0 | L170: Y | M170: RUSH | N170: 3x1 | O170: 00P_3X1 | Q170: =IF(B170="","",IF(B170="P","P&10",B170&"D "&C170)) -> 2D 4-6 | R170: =IF(L170<>"Y","",IF(COUNTIF('DEF_CALL_DECISION_SUPPORT'!$B$1197:$B$1256,SUBSTITUTE(SUBSTITUTE(SUBSTITUTE(E170,"~","~~"),"*","~*"),"?","~?"))>0,"KNOWN","REVIEW: new call; refresh sources")) -> KNOWN
A171: 131 | B171: 2 | C171: 1-3 | D171: INSIDE ZONE | E171: OX | F171: 00 | G171: 3X1 | H171: RUSH | I171: -2 | J171: 1 | K171: 0 | L171: Y | M171: RUSH | N171: 3x1 | O171: 00P_3X1 | Q171: =IF(B171="","",IF(B171="P","P&10",B171&"D "&C171)) -> 2D 1-3 | R171: =IF(L171<>"Y","",IF(COUNTIF('DEF_CALL_DECISION_SUPPORT'!$B$1197:$B$1256,SUBSTITUTE(SUBSTITUTE(SUBSTITUTE(E171,"~","~~"),"*","~*"),"?","~?"))>0,"KNOWN","REVIEW: new call; refresh sources")) -> KNOWN
A172: 132 | B172: 2 | C172: 4-6 | D172: 5 STEP | E172: SHINE BUC | F172: 11 | G172: 3X1 | H172: DROPBACK | I172: 11 | J172: 0 | K172: 0 | L172: Y | M172: COMPLETE | N172: 3x1 | O172: 11P_3X1 | Q172: =IF(B172="","",IF(B172="P","P&10",B172&"D "&C172)) -> 2D 4-6 | R172: =IF(L172<>"Y","",IF(COUNTIF('DEF_CALL_DECISION_SUPPORT'!$B$1197:$B$1256,SUBSTITUTE(SUBSTITUTE(SUBSTITUTE(E172,"~","~~"),"*","~*"),"?","~?"))>0,"KNOWN","REVIEW: new call; refresh sources")) -> KNOWN
A173: 133 | B173: 2 | C173: 11+ | D173: INSIDE ZONE | E173: SHINE BUC | F173: 11 | G173: 3X1 | H173: RUSH | I173: 7 | J173: 0 | K173: 0 | L173: Y | M173: RUSH | N173: 3x1 | O173: 11P_3X1 | Q173: =IF(B173="","",IF(B173="P","P&10",B173&"D "&C173)) -> 2D 11+ | R173: =IF(L173<>"Y","",IF(COUNTIF('DEF_CALL_DECISION_SUPPORT'!$B$1197:$B$1256,SUBSTITUTE(SUBSTITUTE(SUBSTITUTE(E173,"~","~~"),"*","~*"),"?","~?"))>0,"KNOWN","REVIEW: new call; refresh sources")) -> KNOWN
A174: 134 | B174: 2 | C174: 11+ | D174: INSIDE ZONE | E174: SHINE BUC | F174: 11 | G174: 2X2 | H174: RUSH | I174: 6 | J174: 0 | K174: 0 | L174: Y | M174: RUSH | N174: 2x2 | O174: 11P_2X2 | Q174: =IF(B174="","",IF(B174="P","P&10",B174&"D "&C174)) -> 2D 11+ | R174: =IF(L174<>"Y","",IF(COUNTIF('DEF_CALL_DECISION_SUPPORT'!$B$1197:$B$1256,SUBSTITUTE(SUBSTITUTE(SUBSTITUTE(E174,"~","~~"),"*","~*"),"?","~?"))>0,"KNOWN","REVIEW: new call; refresh sources")) -> KNOWN
... A182: 142 | B182: 2 | C182: 7-10 | D182: 3 STEP | E182: FLOOD | F182: 11 | G182: 3X1 | H182: DROPBACK | I182: 0 | J182: 1 | K182: 0 | L182: Y | M182: INCOMPLETE | N182: 1x3 | O182: 11P_3X1 | Q182: =IF(B182="","",IF(B182="P","P&10",B182&"D "&C182)) -> 2D 7-10 | R182: =IF(L182<>"Y","",IF(COUNTIF('DEF_CALL_DECISION_SUPPORT'!$B$1197:$B$1256,SUBSTITUTE(SUBSTITUTE(SUBSTITUTE(E182,"~","~~"),"*","~*"),"?","~?"))>0,"KNOWN","REVIEW: new call; refresh sources")) -> KNOWN
A183: 143 | B183: 2 | C183: 7-10 | D183: POWER | E183: FLOOD | F183: 11 | G183: 3X1 | H183: EXCLUDE | I183: 4 | L183: N | M183: KNEEL | N183: 3x1 | O183: 11P_3X1 | P183: Excluded source record. | Q183: =IF(B183="","",IF(B183="P","P&10",B183&"D "&C183)) -> 2D 7-10 | R183: =IF(L183<>"Y","",IF(COUNTIF('DEF_CALL_DECISION_SUPPORT'!$B$1197:$B$1256,SUBSTITUTE(SUBSTITUTE(SUBSTITUTE(E183,"~","~~"),"*","~*"),"?","~?"))>0,"KNOWN","REVIEW: new call; refresh sources"))
A184: 144 | B184: 2 | C184: 1-3 | D184: BELLY | E184: GOLD | F184: 22 | G184: 2X2 | H184: TD | I184: 1 | J184: 0 | K184: 0 | L184: Y | M184: RUSH, TD | N184: 2x2 | O184: OTHER | Q184: =IF(B184="","",IF(B184="P","P&10",B184&"D "&C184)) -> 2D 1-3 | R184: =IF(L184<>"Y","",IF(COUNTIF('DEF_CALL_DECISION_SUPPORT'!$B$1197:$B$1256,SUBSTITUTE(SUBSTITUTE(SUBSTITUTE(E184,"~","~~"),"*","~*"),"?","~?"))>0,"KNOWN","REVIEW: new call; refresh sources")) -> KNOWN
A185: 145 | B185: 2 | C185: 1-3 | D185: INSIDE ZONE | E185: GOLD | F185: 11 | G185: 2X2 | H185: RUSH | I185: 2 | J185: 1 | K185: 0 | L185: Y | M185: RUSH | N185: 2x2 | O185: 11P_2X2 | Q185: =IF(B185="","",IF(B185="P","P&10",B185&"D "&C185)) -> 2D 1-3 | R185: =IF(L185<>"Y","",IF(COUNTIF('DEF_CALL_DECISION_SUPPORT'!$B$1197:$B$1256,SUBSTITUTE(SUBSTITUTE(SUBSTITUTE(E185,"~","~~"),"*","~*"),"?","~?"))>0,"KNOWN","REVIEW: new call; refresh sources")) -> KNOWN
A186: 146 | B186: 2 | C186: 4-6 | D186: OUTSIDE ZONE | E186: HOUND TEX | F186: 11 | G186: 3X1 | H186: RUSH | I186: 8 | J186: 0 | K186: 0 | L186: Y | M186: RUSH | N186: 3x1 | O186: 11P_3X1 | Q186: =IF(B186="","",IF(B186="P","P&10",B186&"D "&C186)) -> 2D 4-6 | R186: =IF(L186<>"Y","",IF(COUNTIF('DEF_CALL_DECISION_SUPPORT'!$B$1197:$B$1256,SUBSTITUTE(SUBSTITUTE(SUBSTITUTE(E186,"~","~~"),"*","~*"),"?","~?"))>0,"KNOWN","REVIEW: new call; refresh sources")) -> KNOWN
...

Sheet CALL_LOOKUP_BOARD
A1: FIND A DEFENSIVE CALL-FIT CANDIDATE
A2: START | C2: FIND A CALL | F2: OPPONENT ALERTS | I2: PRACTICE
A3: Concept evidence supports defensive candidates. Exact opponent plays support watches and concept proxies; they are not proven defensive answers.
A4: CONCEPTS | C4: EXACT-PLAY WATCH | E4: D&D + CONCEPT
A5: D&D PLAY WATCH | C5: CAUTIONS | E5: SMALL SAMPLES
A6: Situation | B6: All situations | D6: Concept | E6: INSIDE ZONE
A7: Priority minimum reps | B7: 4 | D7: Exact-play watch | E7: OZ STG READ
A8: CONCEPT CALL-FIT CANDIDATE
A9: ="Concept: "&E6&" | "&B6 -> Concept: INSIDE ZONE | All situations | W9: =IF($X$9="",0,IF($B$6="All situations",IFERROR(MATCH(LEN($X$9)&":"&$X$9&"|",'DEF_CALL_DECISION_SUPPORT'!$U$1264:$U$1440,0)+1264-1,0),IFERROR(MATCH(LEN($B$6)&":"&$B$6&"|"&LEN($X$9)&":"&$X$9&"|",'DEF_CALL_DECISION_SUPPORT'!$U$811:$U$1055,0)+811-1,0))) -> 1380 | X9: =IF(Y9=0,"",IF(COUNTBLANK(INDEX($L$1:$L$730,Y9))=1,"",INDEX($L$1:$L$730,Y9))) -> OUTSIDE ZONE | Y9: =IFERROR(MATCH($E$7,$A$67:$A$137,0)+67-1,0) -> 96 | Z9: =IF($B$6="All situations",IFERROR(MATCH(LEN($E$6)&":"&$E$6&"|",'DEF_CALL_DECISION_SUPPORT'!$U$1264:$U$1440,0)+1264-1,0),IFERROR(MATCH(LEN($B$6)&":"&$B$6&"|"&LEN($E$6)&":"&$E$6&"|",'DEF_CALL_DECISION_SUPPORT'!$U$811:$U$1055,0)+811-1,0)) -> 1370
A10: ="Concept candidate: "&IF($Z$9=0,"No matching defensive reps",INDEX('DEF_CALL_DECISION_SUPPORT'!$A$1:$U$1496,$Z$9,2)) -> Concept candidate: STUD
A11: Reps | B11: =IF($Z$9=0,"",INDEX('DEF_CALL_DECISION_SUPPORT'!$A$1:$U$1496,$Z$9,3)) -> 4 | C11: Confidence | D11: =IF($Z$9=0,"",INDEX('DEF_CALL_DECISION_SUPPORT'!$A$1:$U$1496,$Z$9,9)) -> MEDIUM | E11: Call-fit score | F11: =IF($Z$9=0,"",INDEX('DEF_CALL_DECISION_SUPPORT'!$A$1:$U$1496,$Z$9,10)) -> 81
A12: Success rate | B12: =IF($Z$9=0,"",INDEX('DEF_CALL_DECISION_SUPPORT'!$A$1:$U$1496,$Z$9,4)) -> 0.75 | C12: Explosive rate | D12: =IF($Z$9=0,"",INDEX('DEF_CALL_DECISION_SUPPORT'!$A$1:$U$1496,$Z$9,5)) -> 0 | E12: Avg gain | F12: =IF($Z$9=0,"",INDEX('DEF_CALL_DECISION_SUPPORT'!$A$1:$U$1496,$Z$9,6)) -> 1.5
A13: Call label | B13: =IF($Z$9=0,"",INDEX('DEF_CALL_DECISION_SUPPORT'!$A$1:$U$1496,$Z$9,11)) -> Strong Candidate
A14: =IF($Z$9=0,"No matching defensive concept sample; film review required.",INDEX('DEF_CALL_DECISION_SUPPORT'!$A$1:$U$1496,$Z$9,12)) -> Strong call-fit candidate; confirm on film.
A15: ="MATCHING SCOPE: "&IF(Z9=0,"Film Review Required",IF(IF($Z$9=0,"",INDEX('DEF_CALL_DECISION_SUPPORT'!$A$1:$U$1496,$Z$9,3))<4,"Sample Watch • ","")&IF(B6="All situations","Broad Concept Proxy","D&D + Concept Match")) -> MATCHING SCOPE: Broad Concept Proxy
A16: OPPONENT EXACT-PLAY WATCH / CONCEPT PROXY
A17: ="Opponent Exact-Play Watch: "&E7 -> Opponent Exact-Play Watch: OZ STG READ
A18: ="Concept proxy candidate: "&IF($W$9=0,"Film Review Required",INDEX('DEF_CALL_DECISION_SUPPORT'!$A$1:$U$1496,$W$9,2)) -> Concept proxy candidate: BOURBON
A19: Concept reps | B19: =IF($W$9=0,"",INDEX('DEF_CALL_DECISION_SUPPORT'!$A$1:$U$1496,$W$9,3)) -> 3 | C19: Confidence | D19: =IF($W$9=0,"",INDEX('DEF_CALL_DECISION_SUPPORT'!$A$1:$U$1496,$W$9,9)) -> LOW | E19: Concept score | F19: =IF($W$9=0,"",INDEX('DEF_CALL_DECISION_SUPPORT'!$A$1:$U$1496,$W$9,10)) -> 48
A20: Concept success | B20: =IF($W$9=0,"",INDEX('DEF_CALL_DECISION_SUPPORT'!$A$1:$U$1496,$W$9,4)) -> 0.33333333 | C20: Concept explosive | D20: =IF($W$9=0,"",INDEX('DEF_CALL_DECISION_SUPPORT'!$A$1:$U$1496,$W$9,5)) -> 0 | E20: Concept avg gain | F20: =IF($W$9=0,"",INDEX('DEF_CALL_DECISION_SUPPORT'!$A$1:$U$1496,$W$9,6)) -> 5.3333333
A21: ="MATCHING SCOPE: No Defensive Exact-Play Sample • "&IF(W9=0,"Film Review Required",IF(IF($W$9=0,"",INDEX('DEF_CALL_DECISION_SUPPORT'!$A$1:$U$1496,$W$9,3))<4,"Sample Watch • ","")&IF(B6="All situations","Broad Concept Proxy","D&D + Concept Match • Concept Proxy")) -> MATCHING SCOPE: No Defensive Exact-Play Sample • Sample Watch • Broad Concept Proxy
A22: ="Opponent-only exact-play watch. "&IF(X9="","Confirm the concept in the exact-play section; film review required.","Proxy concept: "&X9&". These metrics are not proof against the named play.") -> Opponent-only exact-play watch. Proxy concept: OUTSIDE ZONE. These metrics are not proof against the named play.
A30: BEST CALLS BY OFFENSIVE CONCEPT
A31: These metrics describe the tagged concept across the imported defensive sample. A candidate remains a signal to confirm on film.
A32: Concept | B32: Concept Call-Fit Candidate | C32: Reps | D32: Defensive Success Rate | E32: Explosive Allowed Rate | F32: Average Gain Allowed | G32: Call Fit Score | H32: Confidence | I32: Call Label | J32: MATCHING SCOPE | K32: Coach Note | L32: Proxy concept / context
A33: 3 STEP | B33: =IF($Z33=0,"Film Review Required",INDEX('DEF_CALL_DECISION_SUPPORT'!$A$1:$U$1496,$Z33,2)) -> REBEL | C33: =IF($Z33=0,"",INDEX('DEF_CALL_DECISION_SUPPORT'!$A$1:$U$1496,$Z33,3)) -> 4 | D33: =IF($Z33=0,"",INDEX('DEF_CALL_DECISION_SUPPORT'!$A$1:$U$1496,$Z33,4)) -> 0.75 | E33: =IF($Z33=0,"",INDEX('DEF_CALL_DECISION_SUPPORT'!$A$1:$U$1496,$Z33,5)) -> 0 | F33: =IF($Z33=0,"",INDEX('DEF_CALL_DECISION_SUPPORT'!$A$1:$U$1496,$Z33,6)) -> 3.75 | G33: =IF($Z33=0,"",INDEX('DEF_CALL_DECISION_SUPPORT'!$A$1:$U$1496,$Z33,10)) -> 78.8 | H33: =IF($Z33=0,"",INDEX('DEF_CALL_DECISION_SUPPORT'!$A$1:$U$1496,$Z33,9)) -> MEDIUM | I33: =IF($Z33=0,"",INDEX('DEF_CALL_DECISION_SUPPORT'!$A$1:$U$1496,$Z33,11)) -> Good Candidate | J33: =IF(Z33=0,"Film Review Required",IF(C33<4,"Sample Watch • ","")&"Broad Concept Proxy") -> Broad Concept Proxy | K33: =IF($Z33=0,"No matching defensive reps; film confirmation needed.",INDEX('DEF_CALL_DECISION_SUPPORT'!$A$1:$U$1496,$Z33,12)) -> Good call-fit signal; confirm on film. | Z33: =IFERROR(MATCH(LEN($A33)&":"&$A33&"|",'DEF_CALL_DECISION_SUPPORT'!$U$1264:$U$1440,0)+1264-1,0) -> 1275
A34: 5 STEP | B34: =IF($Z34=0,"Film Review Required",INDEX('DEF_CALL_DECISION_SUPPORT'!$A$1:$U$1496,$Z34,2)) -> RAMBO | C34: =IF($Z34=0,"",INDEX('DEF_CALL_DECISION_SUPPORT'!$A$1:$U$1496,$Z34,3)) -> 4 | D34: =IF($Z34=0,"",INDEX('DEF_CALL_DECISION_SUPPORT'!$A$1:$U$1496,$Z34,4)) -> 1 | E34: =IF($Z34=0,"",INDEX('DEF_CALL_DECISION_SUPPORT'!$A$1:$U$1496,$Z34,5)) -> 0 | F34: =IF($Z34=0,"",INDEX('DEF_CALL_DECISION_SUPPORT'!$A$1:$U$1496,$Z34,6)) -> 1 | G34: =IF($Z34=0,"",INDEX('DEF_CALL_DECISION_SUPPORT'!$A$1:$U$1496,$Z34,10)) -> 99 | H34: =IF($Z34=0,"",INDEX('DEF_CALL_DECISION_SUPPORT'!$A$1:$U$1496,$Z34,9)) -> MEDIUM | I34: =IF($Z34=0,"",INDEX('DEF_CALL_DECISION_SUPPORT'!$A$1:$U$1496,$Z34,11)) -> Strong Candidate | J34: =IF(Z34=0,"Film Review Required",IF(C34<4,"Sample Watch • ","")&"Broad Concept Proxy") -> Broad Concept Proxy | K34: =IF($Z34=0,"No matching defensive reps; film confirmation needed.",INDEX('DEF_CALL_DECISION_SUPPORT'!$A$1:$U$1496,$Z34,12)) -> Strong call-fit candidate; confirm on film. | Z34: =IFERROR(MATCH(LEN($A34)&":"&$A34&"|",'DEF_CALL_DECISION_SUPPORT'!$U$1264:$U$1440,0)+1264-1,0) -> 1306
A35: BELLY | B35: =IF($Z35=0,"Film Review Required",INDEX('DEF_CALL_DECISION_SUPPORT'!$A$1:$U$1496,$Z35,2)) -> GOLD | C35: =IF($Z35=0,"",INDEX('DEF_CALL_DECISION_SUPPORT'!$A$1:$U$1496,$Z35,3)) -> 1 | D35: =IF($Z35=0,"",INDEX('DEF_CALL_DECISION_SUPPORT'!$A$1:$U$1496,$Z35,4)) -> 0 | E35: =IF($Z35=0,"",INDEX('DEF_CALL_DECISION_SUPPORT'!$A$1:$U$1496,$Z35,5)) -> 0 | F35: =IF($Z35=0,"",INDEX('DEF_CALL_DECISION_SUPPORT'!$A$1:$U$1496,$Z35,6)) -> 1 | G35: =IF($Z35=0,"",INDEX('DEF_CALL_DECISION_SUPPORT'!$A$1:$U$1496,$Z35,10)) -> 29 | H35: =IF($Z35=0,"",INDEX('DEF_CALL_DECISION_SUPPORT'!$A$1:$U$1496,$Z35,9)) -> TRACK | I35: =IF($Z35=0,"",INDEX('DEF_CALL_DECISION_SUPPORT'!$A$1:$U$1496,$Z35,11)) -> Track Only | J35: =IF(Z35=0,"Film Review Required",IF(C35<4,"Sample Watch • ","")&"Broad Concept Proxy") -> Sample Watch • Broad Concept Proxy | K35: =IF($Z35=0,"No matching defensive reps; film confirmation needed.",INDEX('DEF_CALL_DECISION_SUPPORT'!$A$1:$U$1496,$Z35,12)) -> Track only; not enough sample. | Z35: =IFERROR(MATCH(LEN($A35)&":"&$A35&"|",'DEF_CALL_DECISION_SUPPORT'!$U$1264:$U$1440,0)+1264-1,0) -> 1321
A36: BOOT | B36: =IF($Z36=0,"Film Review Required",INDEX('DEF_CALL_DECISION_SUPPORT'!$A$1:$U$1496,$Z36,2)) -> KEY CAPTAIN | C36: =IF($Z36=0,"",INDEX('DEF_CALL_DECISION_SUPPORT'!$A$1:$U$1496,$Z36,3)) -> 1 | D36: =IF($Z36=0,"",INDEX('DEF_CALL_DECISION_SUPPORT'!$A$1:$U$1496,$Z36,4)) -> 1 | E36: =IF($Z36=0,"",INDEX('DEF_CALL_DECISION_SUPPORT'!$A$1:$U$1496,$Z36,5)) -> 0 | F36: =IF($Z36=0,"",INDEX('DEF_CALL_DECISION_SUPPORT'!$A$1:$U$1496,$Z36,6)) -> 0 | G36: =IF($Z36=0,"",INDEX('DEF_CALL_DECISION_SUPPORT'!$A$1:$U$1496,$Z36,10)) -> 100 | H36: =IF($Z36=0,"",INDEX('DEF_CALL_DECISION_SUPPORT'!$A$1:$U$1496,$Z36,9)) -> TRACK | I36: =IF($Z36=0,"",INDEX('DEF_CALL_DECISION_SUPPORT'!$A$1:$U$1496,$Z36,11)) -> Track Only | J36: =IF(Z36=0,"Film Review Required",IF(C36<4,"Sample Watch • ","")&"Broad Concept Proxy") -> Sample Watch • Broad Concept Proxy | K36: =IF($Z36=0,"No matching defensive reps; film confirmation needed.",INDEX('DEF_CALL_DECISION_SUPPORT'!$A$1:$U$1496,$Z36,12)) -> Track only; not enough sample. | Z36: =IFERROR(MATCH(LEN($A36)&":"&$A36&"|",'DEF_CALL_DECISION_SUPPORT'!$U$1264:$U$1440,0)+1264-1,0) -> 1322
A37: COUNTER | B37: =IF($Z37=0,"Film Review Required",INDEX('DEF_CALL_DECISION_SUPPORT'!$A$1:$U$1496,$Z37,2)) -> BOOGIE | C37: =IF($Z37=0,"",INDEX('DEF_CALL_DECISION_SUPPORT'!$A$1:$U$1496,$Z37,3)) -> 2 | D37: =IF($Z37=0,"",INDEX('DEF_CALL_DECISION_SUPPORT'!$A$1:$U$1496,$Z37,4)) -> 0.5 | E37: =IF($Z37=0,"",INDEX('DEF_CALL_DECISION_SUPPORT'!$A$1:$U$1496,$Z37,5)) -> 0 | F37: =IF($Z37=0,"",INDEX('DEF_CALL_DECISION_SUPPORT'!$A$1:$U$1496,$Z37,6)) -> 5 | G37: =IF($Z37=0,"",INDEX('DEF_CALL_DECISION_SUPPORT'!$A$1:$U$1496,$Z37,10)) -> 60 | H37: =IF($Z37=0,"",INDEX('DEF_CALL_DECISION_SUPPORT'!$A$1:$U$1496,$Z37,9)) -> TRACK | I37: =IF($Z37=0,"",INDEX('DEF_CALL_DECISION_SUPPORT'!$A$1:$U$1496,$Z37,11)) -> Track Only | J37: =IF(Z37=0,"Film Review Required",IF(C37<4,"Sample Watch • ","")&"Broad Concept Proxy") -> Sample Watch • Broad Concept Proxy | K37: =IF($Z37=0,"No matching defensive reps; film confirmation needed.",INDEX('DEF_CALL_DECISION_SUPPORT'!$A$1:$U$1496,$Z37,12)) -> Track only; not enough sample. | Z37: =IFERROR(MATCH(LEN($A37)&":"&$A37&"|",'DEF_CALL_DECISION_SUPPORT'!$U$1264:$U$1440,0)+1264-1,0) -> 1325
A38: DASH | B38: =IF($Z38=0,"Film Review Required",INDEX('DEF_CALL_DECISION_SUPPORT'!$A$1:$U$1496,$Z38,2)) -> RAMBO | C38: =IF($Z38=0,"",INDEX('DEF_CALL_DECISION_SUPPORT'!$A$1:$U$1496,$Z38,3)) -> 1 | D38: =IF($Z38=0,"",INDEX('DEF_CALL_DECISION_SUPPORT'!$A$1:$U$1496,$Z38,4)) -> 1 | E38: =IF($Z38=0,"",INDEX('DEF_CALL_DECISION_SUPPORT'!$A$1:$U$1496,$Z38,5)) -> 0 | F38: =IF($Z38=0,"",INDEX('DEF_CALL_DECISION_SUPPORT'!$A$1:$U$1496,$Z38,6)) -> 0 | G38: =IF($Z38=0,"",INDEX('DEF_CALL_DECISION_SUPPORT'!$A$1:$U$1496,$Z38,10)) -> 100 | H38: =IF($Z38=0,"",INDEX('DEF_CALL_DECISION_SUPPORT'!$A$1:$U$1496,$Z38,9)) -> TRACK | I38: =IF($Z38=0,"",INDEX('DEF_CALL_DECISION_SUPPORT'!$A$1:$U$1496,$Z38,11)) -> Track Only | J38: =IF(Z38=0,"Film Review Required",IF(C38<4,"Sample Watch • ","")&"Broad Concept Proxy") -> Sample Watch • Broad Concept Proxy | K38: =IF($Z38=0,"No matching defensive reps; film confirmation needed.",INDEX('DEF_CALL_DECISION_SUPPORT'!$A$1:$U$1496,$Z38,12)) -> Track only; not enough sample. | Z38: =IFERROR(MATCH(LEN($A38)&":"&$A38&"|",'DEF_CALL_DECISION_SUPPORT'!$U$1264:$U$1440,0)+1264-1,0) -> 1337
A39: DRAW | B39: =IF($Z39=0,"Film Review Required",INDEX('DEF_CALL_DECISION_SUPPORT'!$A$1:$U$1496,$Z39,2)) -> BOURBON | C39: =IF($Z39=0,"",INDEX('DEF_CALL_DECISION_SUPPORT'!$A$1:$U$1496,$Z39,3)) -> 1 | D39: =IF($Z39=0,"",INDEX('DEF_CALL_DECISION_SUPPORT'!$A$1:$U$1496,$Z39,4)) -> 0 | E39: =IF($Z39=0,"",INDEX('DEF_CALL_DECISION_SUPPORT'!$A$1:$U$1496,$Z39,5)) -> 1 | F39: =IF($Z39=0,"",INDEX('DEF_CALL_DECISION_SUPPORT'!$A$1:$U$1496,$Z39,6)) -> 14 | G39: =IF($Z39=0,"",INDEX('DEF_CALL_DECISION_SUPPORT'!$A$1:$U$1496,$Z39,10)) -> 0 | H39: =IF($Z39=0,"",INDEX('DEF_CALL_DECISION_SUPPORT'!$A$1:$U$1496,$Z39,9)) -> TRACK | I39: =IF($Z39=0,"",INDEX('DEF_CALL_DECISION_SUPPORT'!$A$1:$U$1496,$Z39,11)) -> Explosive Alert | J39: =IF(Z39=0,"Film Review Required",IF(C39<4,"Sample Watch • ","")&"Broad Concept Proxy") -> Sample Watch • Broad Concept Proxy | K39: =IF($Z39=0,"No matching defensive reps; film confirmation needed.",INDEX('DEF_CALL_DECISION_SUPPORT'!$A$1:$U$1496,$Z39,12)) -> Explosive risk; review clips before using as answer. | Z39: =IFERROR(MATCH(LEN($A39)&":"&$A39&"|",'DEF_CALL_DECISION_SUPPORT'!$U$1264:$U$1440,0)+1264-1,0) -> 1338
A40: DUO | B40: =IF($Z40=0,"Film Review Required",INDEX('DEF_CALL_DECISION_SUPPORT'!$A$1:$U$1496,$Z40,2)) -> SHINE BUC | C40: =IF($Z40=0,"",INDEX('DEF_CALL_DECISION_SUPPORT'!$A$1:$U$1496,$Z40,3)) -> 1 | D40: =IF($Z40=0,"",INDEX('DEF_CALL_DECISION_SUPPORT'!$A$1:$U$1496,$Z40,4)) -> 1 | E40: =IF($Z40=0,"",INDEX('DEF_CALL_DECISION_SUPPORT'!$A$1:$U$1496,$Z40,5)) -> 0 | F40: =IF($Z40=0,"",INDEX('DEF_CALL_DECISION_SUPPORT'!$A$1:$U$1496,$Z40,6)) -> 3 | G40: =IF($Z40=0,"",INDEX('DEF_CALL_DECISION_SUPPORT'!$A$1:$U$1496,$Z40,10)) -> 97 | H40: =IF($Z40=0,"",INDEX('DEF_CALL_DECISION_SUPPORT'!$A$1:$U$1496,$Z40,9)) -> TRACK | I40: =IF($Z40=0,"",INDEX('DEF_CALL_DECISION_SUPPORT'!$A$1:$U$1496,$Z40,11)) -> Track Only | J40: =IF(Z40=0,"Film Review Required",IF(C40<4,"Sample Watch • ","")&"Broad Concept Proxy") -> Sample Watch • Broad Concept Proxy | K40: =IF($Z40=0,"No matching defensive reps; film confirmation needed.",INDEX('DEF_CALL_DECISION_SUPPORT'!$A$1:$U$1496,$Z40,12)) -> Track only; not enough sample. | Z40: =IFERROR(MATCH(LEN($A40)&":"&$A40&"|",'DEF_CALL_DECISION_SUPPORT'!$U$1264:$U$1440,0)+1264-1,0) -> 1339
A41: FLY SWEEP | B41: =IF($Z41=0,"Film Review Required",INDEX('DEF_CALL_DECISION_SUPPORT'!$A$1:$U$1496,$Z41,2)) -> SWAP | C41: =IF($Z41=0,"",INDEX('DEF_CALL_DECISION_SUPPORT'!$A$1:$U$1496,$Z41,3)) -> 1 | D41: =IF($Z41=0,"",INDEX('DEF_CALL_DECISION_SUPPORT'!$A$1:$U$1496,$Z41,4)) -> 1 | E41: =IF($Z41=0,"",INDEX('DEF_CALL_DECISION_SUPPORT'!$A$1:$U$1496,$Z41,5)) -> 0 | F41: =IF($Z41=0,"",INDEX('DEF_CALL_DECISION_SUPPORT'!$A$1:$U$1496,$Z41,6)) -> 3 | G41: =IF($Z41=0,"",INDEX('DEF_CALL_DECISION_SUPPORT'!$A$1:$U$1496,$Z41,10)) -> 97 | H41: =IF($Z41=0,"",INDEX('DEF_CALL_DECISION_SUPPORT'!$A$1:$U$1496,$Z41,9)) -> TRACK | I41: =IF($Z41=0,"",INDEX('DEF_CALL_DECISION_SUPPORT'!$A$1:$U$1496,$Z41,11)) -> Track Only | J41: =IF(Z41=0,"Film Review Required",IF(C41<4,"Sample Watch • ","")&"Broad Concept Proxy") -> Sample Watch • Broad Concept Proxy | K41: =IF($Z41=0,"No matching defensive reps; film confirmation needed.",INDEX('DEF_CALL_DECISION_SUPPORT'!$A$1:$U$1496,$Z41,12)) -> Track only; not enough sample. | Z41: =IFERROR(MATCH(LEN($A41)&":"&$A41&"|",'DEF_CALL_DECISION_SUPPORT'!$U$1264:$U$1440,0)+1264-1,0) -> 1340
A42: FLY TOSS | B42: =IF($Z42=0,"Film Review Required",INDEX('DEF_CALL_DECISION_SUPPORT'!$A$1:$U$1496,$Z42,2)) -> KEY CAPTAIN | C42: =IF($Z42=0,"",INDEX('DEF_CALL_DECISION_SUPPORT'!$A$1:$U$1496,$Z42,3)) -> 1 | D42: =IF($Z42=0,"",INDEX('DEF_CALL_DECISION_SUPPORT'!$A$1:$U$1496,$Z42,4)) -> 1 | E42: =IF($Z42=0,"",INDEX('DEF_CALL_DECISION_SUPPORT'!$A$1:$U$1496,$Z42,5)) -> 0 | F42: =IF($Z42=0,"",INDEX('DEF_CALL_DECISION_SUPPORT'!$A$1:$U$1496,$Z42,6)) -> 2 | G42: =IF($Z42=0,"",INDEX('DEF_CALL_DECISION_SUPPORT'!$A$1:$U$1496,$Z42,10)) -> 98 | H42: =IF($Z42=0,"",INDEX('DEF_CALL_DECISION_SUPPORT'!$A$1:$U$1496,$Z42,9)) -> TRACK | I42: =IF($Z42=0,"",INDEX('DEF_CALL_DECISION_SUPPORT'!$A$1:$U$1496,$Z42,11)) -> Track Only | J42: =IF(Z42=0,"Film Review Required",IF(C42<4,"Sample Watch • ","")&"Broad Concept Proxy") -> Sample Watch • Broad Concept Proxy | K42: =IF($Z42=0,"No matching defensive reps; film confirmation needed.",INDEX('DEF_CALL_DECISION_SUPPORT'!$A$1:$U$1496,$Z42,12)) -> Track only; not enough sample. | Z42: =IFERROR(MATCH(LEN($A42)&":"&$A42&"|",'DEF_CALL_DECISION_SUPPORT'!$U$1264:$U$1440,0)+1264-1,0) -> 1341
A43: FUZZY | B43: =IF($Z43=0,"Film Review Required",INDEX('DEF_CALL_DECISION_SUPPORT'!$A$1:$U$1496,$Z43,2)) -> SMOKE BUC | C43: =IF($Z43=0,"",INDEX('DEF_CALL_DECISION_SUPPORT'!$A$1:$U$1496,$Z43,3)) -> 1 | D43: =IF($Z43=0,"",INDEX('DEF_CALL_DECISION_SUPPORT'!$A$1:$U$1496,$Z43,4)) -> 1 | E43: =IF($Z43=0,"",INDEX('DEF_CALL_DECISION_SUPPORT'!$A$1:$U$1496,$Z43,5)) -> 0 | F43: =IF($Z43=0,"",INDEX('DEF_CALL_DECISION_SUPPORT'!$A$1:$U$1496,$Z43,6)) -> 4 | G43: =IF($Z43=0,"",INDEX('DEF_CALL_DECISION_SUPPORT'!$A$1:$U$1496,$Z43,10)) -> 96 | H43: =IF($Z43=0,"",INDEX('DEF_CALL_DECISION_SUPPORT'!$A$1:$U$1496,$Z43,9)) -> TRACK | I43: =IF($Z43=0,"",INDEX('DEF_CALL_DECISION_SUPPORT'!$A$1:$U$1496,$Z43,11)) -> Track Only | J43: =IF(Z43=0,"Film Review Required",IF(C43<4,"Sample Watch • ","")&"Broad Concept Proxy") -> Sample Watch • Broad Concept Proxy | K43: =IF($Z43=0,"No matching defensive reps; film confirmation needed.",INDEX('DEF_CALL_DECISION_SUPPORT'!$A$1:$U$1496,$Z43,12)) -> Track only; not enough sample. | Z43: =IFERROR(MATCH(LEN($A43)&":"&$A43&"|",'DEF_CALL_DECISION_SUPPORT'!$U$1264:$U$1440,0)+1264-1,0) -> 1344
A44: G | B44: =IF($Z44=0,"Film Review Required",INDEX('DEF_CALL_DECISION_SUPPORT'!$A$1:$U$1496,$Z44,2)) -> Film Review Required | C44: =IF($Z44=0,"",INDEX('DEF_CALL_DECISION_SUPPORT'!$A$1:$U$1496,$Z44,3)) | D44: =IF($Z44=0,"",INDEX('DEF_CALL_DECISION_SUPPORT'!$A$1:$U$1496,$Z44,4)) | E44: =IF($Z44=0,"",INDEX('DEF_CALL_DECISION_SUPPORT'!$A$1:$U$1496,$Z44,5)) | F44: =IF($Z44=0,"",INDEX('DEF_CALL_DECISION_SUPPORT'!$A$1:$U$1496,$Z44,6)) | G44: =IF($Z44=0,"",INDEX('DEF_CALL_DECISION_SUPPORT'!$A$1:$U$1496,$Z44,10)) | H44: =IF($Z44=0,"",INDEX('DEF_CALL_DECISION_SUPPORT'!$A$1:$U$1496,$Z44,9)) | I44: =IF($Z44=0,"",INDEX('DEF_CALL_DECISION_SUPPORT'!$A$1:$U$1496,$Z44,11)) | J44: =IF(Z44=0,"Film Review Required",IF(C44<4,"Sample Watch • ","")&"Broad Concept Proxy") -> Film Review Required | K44: =IF($Z44=0,"No matching defensive reps; film confirmation needed.",INDEX('DEF_CALL_DECISION_SUPPORT'!$A$1:$U$1496,$Z44,12)) -> No matching defensive reps; film confirmation needed. | Z44: =IFERROR(MATCH(LEN($A44)&":"&$A44&"|",'DEF_CALL_DECISION_SUPPORT'!$U$1264:$U$1440,0)+1264-1,0) -> 0
... A59: WHAM | B59: =IF($Z59=0,"Film Review Required",INDEX('DEF_CALL_DECISION_SUPPORT'!$A$1:$U$1496,$Z59,2)) -> Film Review Required | C59: =IF($Z59=0,"",INDEX('DEF_CALL_DECISION_SUPPORT'!$A$1:$U$1496,$Z59,3)) | D59: =IF($Z59=0,"",INDEX('DEF_CALL_DECISION_SUPPORT'!$A$1:$U$1496,$Z59,4)) | E59: =IF($Z59=0,"",INDEX('DEF_CALL_DECISION_SUPPORT'!$A$1:$U$1496,$Z59,5)) | F59: =IF($Z59=0,"",INDEX('DEF_CALL_DECISION_SUPPORT'!$A$1:$U$1496,$Z59,6)) | G59: =IF($Z59=0,"",INDEX('DEF_CALL_DECISION_SUPPORT'!$A$1:$U$1496,$Z59,10)) | H59: =IF($Z59=0,"",INDEX('DEF_CALL_DECISION_SUPPORT'!$A$1:$U$1496,$Z59,9)) | I59: =IF($Z59=0,"",INDEX('DEF_CALL_DECISION_SUPPORT'!$A$1:$U$1496,$Z59,11)) | J59: =IF(Z59=0,"Film Review Required",IF(C59<4,"Sample Watch • ","")&"Broad Concept Proxy") -> Film Review Required | K59: =IF($Z59=0,"No matching defensive reps; film confirmation needed.",INDEX('DEF_CALL_DECISION_SUPPORT'!$A$1:$U$1496,$Z59,12)) -> No matching defensive reps; film confirmation needed. | Z59: =IFERROR(MATCH(LEN($A59)&":"&$A59&"|",'DEF_CALL_DECISION_SUPPORT'!$U$1264:$U$1440,0)+1264-1,0) -> 0
A64: OPPONENT EXACT PLAY WATCH / CONCEPT PROXY
A65: Actual playcalls are opponent film/practice watches. Confirmed concept fields below support proxies only. Blank ambiguous mappings require coach confirmation.
A66: Opponent Actual Playcall | B66: Concept Call-Fit Candidate • proxy | C66: Concept Reps | D66: Success Rate • concept | E66: Explosive Rate • concept | F66: Avg Gain • concept | G66: Fit Score • concept | H66: Confidence • concept | I66: Concept Call Label | J66: MATCHING SCOPE | K66: Film / Coach Note | L66: Confirmed concept for proxy
A67: 2 BUBBLE SCREEN | B67: =IF($Z67=0,"Film Review Required",INDEX('DEF_CALL_DECISION_SUPPORT'!$A$1:$U$1496,$Z67,2)) -> TEX | C67: =IF($Z67=0,"",INDEX('DEF_CALL_DECISION_SUPPORT'!$A$1:$U$1496,$Z67,3)) -> 2 | D67: =IF($Z67=0,"",INDEX('DEF_CALL_DECISION_SUPPORT'!$A$1:$U$1496,$Z67,4)) -> 1 | E67: =IF($Z67=0,"",INDEX('DEF_CALL_DECISION_SUPPORT'!$A$1:$U$1496,$Z67,5)) -> 0 | F67: =IF($Z67=0,"",INDEX('DEF_CALL_DECISION_SUPPORT'!$A$1:$U$1496,$Z67,6)) -> 0 | G67: =IF($Z67=0,"",INDEX('DEF_CALL_DECISION_SUPPORT'!$A$1:$U$1496,$Z67,10)) -> 100 | H67: =IF($Z67=0,"",INDEX('DEF_CALL_DECISION_SUPPORT'!$A$1:$U$1496,$Z67,9)) -> TRACK | I67: =IF($Z67=0,"",INDEX('DEF_CALL_DECISION_SUPPORT'!$A$1:$U$1496,$Z67,11)) -> Track Only | J67: =IF(Z67=0,"Film Review Required",IF(C67<4,"Sample Watch • ","")&"Broad Concept Proxy") -> Sample Watch • Broad Concept Proxy | K67: ="Opponent exact-play alert only. No Defensive Exact-Play Sample. "&IF(Z67=0,"Confirm concept mapping and review film before treating this as a defensive candidate.","Metrics describe the confirmed concept; "&IF($Z67=0,"",INDEX('DEF_CALL_DECISION_SUPPORT'!$A$1:$U$1496,$Z67,12))) -> Opponent exact-play alert only. No Defensive Exact-Play Sample. Metrics describe the confirmed concept; Track only; not enough sample. | L67: RPO | Y67: 15:2 BUBBLE SCREEN| | Z67: =IF($L67="",0,IFERROR(MATCH(LEN($L67)&":"&$L67&"|",'DEF_CALL_DECISION_SUPPORT'!$U$1264:$U$1440,0)+1264-1,0)) -> 1425
A68: 3 ARROW SCREEN | B68: =IF($Z68=0,"Film Review Required",INDEX('DEF_CALL_DECISION_SUPPORT'!$A$1:$U$1496,$Z68,2)) -> TEX | C68: =IF($Z68=0,"",INDEX('DEF_CALL_DECISION_SUPPORT'!$A$1:$U$1496,$Z68,3)) -> 2 | D68: =IF($Z68=0,"",INDEX('DEF_CALL_DECISION_SUPPORT'!$A$1:$U$1496,$Z68,4)) -> 1 | E68: =IF($Z68=0,"",INDEX('DEF_CALL_DECISION_SUPPORT'!$A$1:$U$1496,$Z68,5)) -> 0 | F68: =IF($Z68=0,"",INDEX('DEF_CALL_DECISION_SUPPORT'!$A$1:$U$1496,$Z68,6)) -> 0 | G68: =IF($Z68=0,"",INDEX('DEF_CALL_DECISION_SUPPORT'!$A$1:$U$1496,$Z68,10)) -> 100 | H68: =IF($Z68=0,"",INDEX('DEF_CALL_DECISION_SUPPORT'!$A$1:$U$1496,$Z68,9)) -> TRACK | I68: =IF($Z68=0,"",INDEX('DEF_CALL_DECISION_SUPPORT'!$A$1:$U$1496,$Z68,11)) -> Track Only | J68: =IF(Z68=0,"Film Review Required",IF(C68<4,"Sample Watch • ","")&"Broad Concept Proxy") -> Sample Watch • Broad Concept Proxy | K68: ="Opponent exact-play alert only. No Defensive Exact-Play Sample. "&IF(Z68=0,"Confirm concept mapping and review film before treating this as a defensive candidate.","Metrics describe the confirmed concept; "&IF($Z68=0,"",INDEX('DEF_CALL_DECISION_SUPPORT'!$A$1:$U$1496,$Z68,12))) -> Opponent exact-play alert only. No Defensive Exact-Play Sample. Metrics describe the confirmed concept; Track only; not enough sample. | L68: RPO | Y68: 14:3 ARROW SCREEN| | Z68: =IF($L68="",0,IFERROR(MATCH(LEN($L68)&":"&$L68&"|",'DEF_CALL_DECISION_SUPPORT'!$U$1264:$U$1440,0)+1264-1,0)) -> 1425
A69: CLIMB POST WHEEL | B69: =IF($Z69=0,"Film Review Required",INDEX('DEF_CALL_DECISION_SUPPORT'!$A$1:$U$1496,$Z69,2)) -> KEY CAPTAIN | C69: =IF($Z69=0,"",INDEX('DEF_CALL_DECISION_SUPPORT'!$A$1:$U$1496,$Z69,3)) -> 1 | D69: =IF($Z69=0,"",INDEX('DEF_CALL_DECISION_SUPPORT'!$A$1:$U$1496,$Z69,4)) -> 1 | E69: =IF($Z69=0,"",INDEX('DEF_CALL_DECISION_SUPPORT'!$A$1:$U$1496,$Z69,5)) -> 0 | F69: =IF($Z69=0,"",INDEX('DEF_CALL_DECISION_SUPPORT'!$A$1:$U$1496,$Z69,6)) -> 0 | G69: =IF($Z69=0,"",INDEX('DEF_CALL_DECISION_SUPPORT'!$A$1:$U$1496,$Z69,10)) -> 100 | H69: =IF($Z69=0,"",INDEX('DEF_CALL_DECISION_SUPPORT'!$A$1:$U$1496,$Z69,9)) -> TRACK | I69: =IF($Z69=0,"",INDEX('DEF_CALL_DECISION_SUPPORT'!$A$1:$U$1496,$Z69,11)) -> Track Only | J69: =IF(Z69=0,"Film Review Required",IF(C69<4,"Sample Watch • ","")&"Broad Concept Proxy") -> Sample Watch • Broad Concept Proxy | K69: ="Opponent exact-play alert only. No Defensive Exact-Play Sample. "&IF(Z69=0,"Confirm concept mapping and review film before treating this as a defensive candidate.","Metrics describe the confirmed concept; "&IF($Z69=0,"",INDEX('DEF_CALL_DECISION_SUPPORT'!$A$1:$U$1496,$Z69,12))) -> Opponent exact-play alert only. No Defensive Exact-Play Sample. Metrics describe the confirmed concept; Track only; not enough sample. | L69: BOOT | Y69: 16:CLIMB POST WHEEL| | Z69: =IF($L69="",0,IFERROR(MATCH(LEN($L69)&":"&$L69&"|",'DEF_CALL_DECISION_SUPPORT'!$U$1264:$U$1440,0)+1264-1,0)) -> 1322
A70: CURL OVER VERT | B70: =IF($Z70=0,"Film Review Required",INDEX('DEF_CALL_DECISION_SUPPORT'!$A$1:$U$1496,$Z70,2)) -> RAMBO | C70: =IF($Z70=0,"",INDEX('DEF_CALL_DECISION_SUPPORT'!$A$1:$U$1496,$Z70,3)) -> 4 | D70: =IF($Z70=0,"",INDEX('DEF_CALL_DECISION_SUPPORT'!$A$1:$U$1496,$Z70,4)) -> 1 | E70: =IF($Z70=0,"",INDEX('DEF_CALL_DECISION_SUPPORT'!$A$1:$U$1496,$Z70,5)) -> 0 | F70: =IF($Z70=0,"",INDEX('DEF_CALL_DECISION_SUPPORT'!$A$1:$U$1496,$Z70,6)) -> 1 | G70: =IF($Z70=0,"",INDEX('DEF_CALL_DECISION_SUPPORT'!$A$1:$U$1496,$Z70,10)) -> 99 | H70: =IF($Z70=0,"",INDEX('DEF_CALL_DECISION_SUPPORT'!$A$1:$U$1496,$Z70,9)) -> MEDIUM | I70: =IF($Z70=0,"",INDEX('DEF_CALL_DECISION_SUPPORT'!$A$1:$U$1496,$Z70,11)) -> Strong Candidate | J70: =IF(Z70=0,"Film Review Required",IF(C70<4,"Sample Watch • ","")&"Broad Concept Proxy") -> Broad Concept Proxy | K70: ="Opponent exact-play alert only. No Defensive Exact-Play Sample. "&IF(Z70=0,"Confirm concept mapping and review film before treating this as a defensive candidate.","Metrics describe the confirmed concept; "&IF($Z70=0,"",INDEX('DEF_CALL_DECISION_SUPPORT'!$A$1:$U$1496,$Z70,12))) -> Opponent exact-play alert only. No Defensive Exact-Play Sample. Metrics describe the confirmed concept; Strong call-fit candidate; confirm on film. | L70: 5 STEP | Y70: 14:CURL OVER VERT| | Z70: =IF($L70="",0,IFERROR(MATCH(LEN($L70)&":"&$L70&"|",'DEF_CALL_DECISION_SUPPORT'!$U$1264:$U$1440,0)+1264-1,0)) -> 1306
A71: CURL OVER Y WAGGLE | B71: =IF($Z71=0,"Film Review Required",INDEX('DEF_CALL_DECISION_SUPPORT'!$A$1:$U$1496,$Z71,2)) -> RAMBO | C71: =IF($Z71=0,"",INDEX('DEF_CALL_DECISION_SUPPORT'!$A$1:$U$1496,$Z71,3)) -> 4 | D71: =IF($Z71=0,"",INDEX('DEF_CALL_DECISION_SUPPORT'!$A$1:$U$1496,$Z71,4)) -> 1 | E71: =IF($Z71=0,"",INDEX('DEF_CALL_DECISION_SUPPORT'!$A$1:$U$1496,$Z71,5)) -> 0 | F71: =IF($Z71=0,"",INDEX('DEF_CALL_DECISION_SUPPORT'!$A$1:$U$1496,$Z71,6)) -> 1 | G71: =IF($Z71=0,"",INDEX('DEF_CALL_DECISION_SUPPORT'!$A$1:$U$1496,$Z71,10)) -> 99 | H71: =IF($Z71=0,"",INDEX('DEF_CALL_DECISION_SUPPORT'!$A$1:$U$1496,$Z71,9)) -> MEDIUM | I71: =IF($Z71=0,"",INDEX('DEF_CALL_DECISION_SUPPORT'!$A$1:$U$1496,$Z71,11)) -> Strong Candidate | J71: =IF(Z71=0,"Film Review Required",IF(C71<4,"Sample Watch • ","")&"Broad Concept Proxy") -> Broad Concept Proxy | K71: ="Opponent exact-play alert only. No Defensive Exact-Play Sample. "&IF(Z71=0,"Confirm concept mapping and review film before treating this as a defensive candidate.","Metrics describe the confirmed concept; "&IF($Z71=0,"",INDEX('DEF_CALL_DECISION_SUPPORT'!$A$1:$U$1496,$Z71,12))) -> Opponent exact-play alert only. No Defensive Exact-Play Sample. Metrics describe the confirmed concept; Strong call-fit candidate; confirm on film. | L71: 5 STEP | Y71: 18:CURL OVER Y WAGGLE| | Z71: =IF($L71="",0,IFERROR(MATCH(LEN($L71)&":"&$L71&"|",'DEF_CALL_DECISION_SUPPORT'!$U$1264:$U$1440,0)+1264-1,0)) -> 1306
A72: DART STG READ | B72: =IF($Z72=0,"Film Review Required",INDEX('DEF_CALL_DECISION_SUPPORT'!$A$1:$U$1496,$Z72,2)) -> REBEL | C72: =IF($Z72=0,"",INDEX('DEF_CALL_DECISION_SUPPORT'!$A$1:$U$1496,$Z72,3)) -> 1 | D72: =IF($Z72=0,"",INDEX('DEF_CALL_DECISION_SUPPORT'!$A$1:$U$1496,$Z72,4)) -> 1 | E72: =IF($Z72=0,"",INDEX('DEF_CALL_DECISION_SUPPORT'!$A$1:$U$1496,$Z72,5)) -> 0 | F72: =IF($Z72=0,"",INDEX('DEF_CALL_DECISION_SUPPORT'!$A$1:$U$1496,$Z72,6)) -> 0 | G72: =IF($Z72=0,"",INDEX('DEF_CALL_DECISION_SUPPORT'!$A$1:$U$1496,$Z72,10)) -> 100 | H72: =IF($Z72=0,"",INDEX('DEF_CALL_DECISION_SUPPORT'!$A$1:$U$1496,$Z72,9)) -> TRACK | I72: =IF($Z72=0,"",INDEX('DEF_CALL_DECISION_SUPPORT'!$A$1:$U$1496,$Z72,11)) -> Track Only | J72: =IF(Z72=0,"Film Review Required",IF(C72<4,"Sample Watch • ","")&"Broad Concept Proxy") -> Sample Watch • Broad Concept Proxy | K72: ="Opponent exact-play alert only. No Defensive Exact-Play Sample. "&IF(Z72=0,"Confirm concept mapping and review film before treating this as a defensive candidate.","Metrics describe the confirmed concept; "&IF($Z72=0,"",INDEX('DEF_CALL_DECISION_SUPPORT'!$A$1:$U$1496,$Z72,12))) -> Opponent exact-play alert only. No Defensive Exact-Play Sample. Metrics describe the confirmed concept; Track only; not enough sample. | L72: POWER | Y72: 13:DART STG READ| | Z72: =IF($L72="",0,IFERROR(MATCH(LEN($L72)&":"&$L72&"|",'DEF_CALL_DECISION_SUPPORT'!$U$1264:$U$1440,0)+1264-1,0)) -> 1409
A73: DIG HITCH TB SWING | B73: =IF($Z73=0,"Film Review Required",INDEX('DEF_CALL_DECISION_SUPPORT'!$A$1:$U$1496,$Z73,2)) -> RAMBO | C73: =IF($Z73=0,"",INDEX('DEF_CALL_DECISION_SUPPORT'!$A$1:$U$1496,$Z73,3)) -> 4 | D73: =IF($Z73=0,"",INDEX('DEF_CALL_DECISION_SUPPORT'!$A$1:$U$1496,$Z73,4)) -> 1 | E73: =IF($Z73=0,"",INDEX('DEF_CALL_DECISION_SUPPORT'!$A$1:$U$1496,$Z73,5)) -> 0 | F73: =IF($Z73=0,"",INDEX('DEF_CALL_DECISION_SUPPORT'!$A$1:$U$1496,$Z73,6)) -> 1 | G73: =IF($Z73=0,"",INDEX('DEF_CALL_DECISION_SUPPORT'!$A$1:$U$1496,$Z73,10)) -> 99 | H73: =IF($Z73=0,"",INDEX('DEF_CALL_DECISION_SUPPORT'!$A$1:$U$1496,$Z73,9)) -> MEDIUM | I73: =IF($Z73=0,"",INDEX('DEF_CALL_DECISION_SUPPORT'!$A$1:$U$1496,$Z73,11)) -> Strong Candidate | J73: =IF(Z73=0,"Film Review Required",IF(C73<4,"Sample Watch • ","")&"Broad Concept Proxy") -> Broad Concept Proxy | K73: ="Opponent exact-play alert only. No Defensive Exact-Play Sample. "&IF(Z73=0,"Confirm concept mapping and review film before treating this as a defensive candidate.","Metrics describe the confirmed concept; "&IF($Z73=0,"",INDEX('DEF_CALL_DECISION_SUPPORT'!$A$1:$U$1496,$Z73,12))) -> Opponent exact-play alert only. No Defensive Exact-Play Sample. Metrics describe the confirmed concept; Strong call-fit candidate; confirm on film. | L73: 5 STEP | Y73: 18:DIG HITCH TB SWING| | Z73: =IF($L73="",0,IFERROR(MATCH(LEN($L73)&":"&$L73&"|",'DEF_CALL_DECISION_SUPPORT'!$U$1264:$U$1440,0)+1264-1,0)) -> 1306
A74: DIG SEAM OVER | B74: =IF($Z74=0,"Film Review Required",INDEX('DEF_CALL_DECISION_SUPPORT'!$A$1:$U$1496,$Z74,2)) -> RAMBO | C74: =IF($Z74=0,"",INDEX('DEF_CALL_DECISION_SUPPORT'!$A$1:$U$1496,$Z74,3)) -> 4 | D74: =IF($Z74=0,"",INDEX('DEF_CALL_DECISION_SUPPORT'!$A$1:$U$1496,$Z74,4)) -> 1 | E74: =IF($Z74=0,"",INDEX('DEF_CALL_DECISION_SUPPORT'!$A$1:$U$1496,$Z74,5)) -> 0 | F74: =IF($Z74=0,"",INDEX('DEF_CALL_DECISION_SUPPORT'!$A$1:$U$1496,$Z74,6)) -> 1 | G74: =IF($Z74=0,"",INDEX('DEF_CALL_DECISION_SUPPORT'!$A$1:$U$1496,$Z74,10)) -> 99 | H74: =IF($Z74=0,"",INDEX('DEF_CALL_DECISION_SUPPORT'!$A$1:$U$1496,$Z74,9)) -> MEDIUM | I74: =IF($Z74=0,"",INDEX('DEF_CALL_DECISION_SUPPORT'!$A$1:$U$1496,$Z74,11)) -> Strong Candidate | J74: =IF(Z74=0,"Film Review Required",IF(C74<4,"Sample Watch • ","")&"Broad Concept Proxy") -> Broad Concept Proxy | K74: ="Opponent exact-play alert only. No Defensive Exact-Play Sample. "&IF(Z74=0,"Confirm concept mapping and review film before treating this as a defensive candidate.","Metrics describe the confirmed concept; "&IF($Z74=0,"",INDEX('DEF_CALL_DECISION_SUPPORT'!$A$1:$U$1496,$Z74,12))) -> Opponent exact-play alert only. No Defensive Exact-Play Sample. Metrics describe the confirmed concept; Strong call-fit candidate; confirm on film. | L74: 5 STEP | Y74: 13:DIG SEAM OVER| | Z74: =IF($L74="",0,IFERROR(MATCH(LEN($L74)&":"&$L74&"|",'DEF_CALL_DECISION_SUPPORT'!$U$1264:$U$1440,0)+1264-1,0)) -> 1306
A75: DIG SEAM SMASH | B75: =IF($Z75=0,"Film Review Required",INDEX('DEF_CALL_DECISION_SUPPORT'!$A$1:$U$1496,$Z75,2)) -> KEY CAPTAIN | C75: =IF($Z75=0,"",INDEX('DEF_CALL_DECISION_SUPPORT'!$A$1:$U$1496,$Z75,3)) -> 3 | D75: =IF($Z75=0,"",INDEX('DEF_CALL_DECISION_SUPPORT'!$A$1:$U$1496,$Z75,4)) -> 1 | E75: =IF($Z75=0,"",INDEX('DEF_CALL_DECISION_SUPPORT'!$A$1:$U$1496,$Z75,5)) -> 0 | F75: =IF($Z75=0,"",INDEX('DEF_CALL_DECISION_SUPPORT'!$A$1:$U$1496,$Z75,6)) -> -2.3333333 | G75: =IF($Z75=0,"",INDEX('DEF_CALL_DECISION_SUPPORT'!$A$1:$U$1496,$Z75,10)) -> 100 | H75: =IF($Z75=0,"",INDEX('DEF_CALL_DECISION_SUPPORT'!$A$1:$U$1496,$Z75,9)) -> LOW | I75: =IF($Z75=0,"",INDEX('DEF_CALL_DECISION_SUPPORT'!$A$1:$U$1496,$Z75,11)) -> Sample Watch | J75: =IF(Z75=0,"Film Review Required",IF(C75<4,"Sample Watch • ","")&"Broad Concept Proxy") -> Sample Watch • Broad Concept Proxy | K75: ="Opponent exact-play alert only. No Defensive Exact-Play Sample. "&IF(Z75=0,"Confirm concept mapping and review film before treating this as a defensive candidate.","Metrics describe the confirmed concept; "&IF($Z75=0,"",INDEX('DEF_CALL_DECISION_SUPPORT'!$A$1:$U$1496,$Z75,12))) -> Opponent exact-play alert only. No Defensive Exact-Play Sample. Metrics describe the confirmed concept; Good signal, but sample is limited. | L75: PAP | Y75: 14:DIG SEAM SMASH| | Z75: =IF($L75="",0,IFERROR(MATCH(LEN($L75)&":"&$L75&"|",'DEF_CALL_DECISION_SUPPORT'!$U$1264:$U$1440,0)+1264-1,0)) -> 1400
A76: DIG SEAM UNDER | B76: =IF($Z76=0,"Film Review Required",INDEX('DEF_CALL_DECISION_SUPPORT'!$A$1:$U$1496,$Z76,2)) -> KEY CAPTAIN | C76: =IF($Z76=0,"",INDEX('DEF_CALL_DECISION_SUPPORT'!$A$1:$U$1496,$Z76,3)) -> 3 | D76: =IF($Z76=0,"",INDEX('DEF_CALL_DECISION_SUPPORT'!$A$1:$U$1496,$Z76,4)) -> 1 | E76: =IF($Z76=0,"",INDEX('DEF_CALL_DECISION_SUPPORT'!$A$1:$U$1496,$Z76,5)) -> 0 | F76: =IF($Z76=0,"",INDEX('DEF_CALL_DECISION_SUPPORT'!$A$1:$U$1496,$Z76,6)) -> -2.3333333 | G76: =IF($Z76=0,"",INDEX('DEF_CALL_DECISION_SUPPORT'!$A$1:$U$1496,$Z76,10)) -> 100 | H76: =IF($Z76=0,"",INDEX('DEF_CALL_DECISION_SUPPORT'!$A$1:$U$1496,$Z76,9)) -> LOW | I76: =IF($Z76=0,"",INDEX('DEF_CALL_DECISION_SUPPORT'!$A$1:$U$1496,$Z76,11)) -> Sample Watch | J76: =IF(Z76=0,"Film Review Required",IF(C76<4,"Sample Watch • ","")&"Broad Concept Proxy") -> Sample Watch • Broad Concept Proxy | K76: ="Opponent exact-play alert only. No Defensive Exact-Play Sample. "&IF(Z76=0,"Confirm concept mapping and review film before treating this as a defensive candidate.","Metrics describe the confirmed concept; "&IF($Z76=0,"",INDEX('DEF_CALL_DECISION_SUPPORT'!$A$1:$U$1496,$Z76,12))) -> Opponent exact-play alert only. No Defensive Exact-Play Sample. Metrics describe the confirmed concept; Good signal, but sample is limited. | L76: PAP | Y76: 14:DIG SEAM UNDER| | Z76: =IF($L76="",0,IFERROR(MATCH(LEN($L76)&":"&$L76&"|",'DEF_CALL_DECISION_SUPPORT'!$U$1264:$U$1440,0)+1264-1,0)) -> 1400
A77: DOUBLE SPOT ARROW | B77: =IF($Z77=0,"Film Review Required",INDEX('DEF_CALL_DECISION_SUPPORT'!$A$1:$U$1496,$Z77,2)) -> Film Review Required | C77: =IF($Z77=0,"",INDEX('DEF_CALL_DECISION_SUPPORT'!$A$1:$U$1496,$Z77,3)) | D77: =IF($Z77=0,"",INDEX('DEF_CALL_DECISION_SUPPORT'!$A$1:$U$1496,$Z77,4)) | E77: =IF($Z77=0,"",INDEX('DEF_CALL_DECISION_SUPPORT'!$A$1:$U$1496,$Z77,5)) | F77: =IF($Z77=0,"",INDEX('DEF_CALL_DECISION_SUPPORT'!$A$1:$U$1496,$Z77,6)) | G77: =IF($Z77=0,"",INDEX('DEF_CALL_DECISION_SUPPORT'!$A$1:$U$1496,$Z77,10)) | H77: =IF($Z77=0,"",INDEX('DEF_CALL_DECISION_SUPPORT'!$A$1:$U$1496,$Z77,9)) | I77: =IF($Z77=0,"",INDEX('DEF_CALL_DECISION_SUPPORT'!$A$1:$U$1496,$Z77,11)) | J77: =IF(Z77=0,"Film Review Required",IF(C77<4,"Sample Watch • ","")&"Broad Concept Proxy") -> Film Review Required | K77: ="Opponent exact-play alert only. No Defensive Exact-Play Sample. "&IF(Z77=0,"Confirm concept mapping and review film before treating this as a defensive candidate.","Metrics describe the confirmed concept; "&IF($Z77=0,"",INDEX('DEF_CALL_DECISION_SUPPORT'!$A$1:$U$1496,$Z77,12))) -> Opponent exact-play alert only. No Defensive Exact-Play Sample. Confirm concept mapping and review film before treating this as a defensive candidate. | Y77: 17:DOUBLE SPOT ARROW| | Z77: =IF($L77="",0,IFERROR(MATCH(LEN($L77)&":"&$L77&"|",'DEF_CALL_DECISION_SUPPORT'!$U$1264:$U$1440,0)+1264-1,0)) -> 0
A78: FLOOD | B78: =IF($Z78=0,"Film Review Required",INDEX('DEF_CALL_DECISION_SUPPORT'!$A$1:$U$1496,$Z78,2)) -> Film Review Required | C78: =IF($Z78=0,"",INDEX('DEF_CALL_DECISION_SUPPORT'!$A$1:$U$1496,$Z78,3)) | D78: =IF($Z78=0,"",INDEX('DEF_CALL_DECISION_SUPPORT'!$A$1:$U$1496,$Z78,4)) | E78: =IF($Z78=0,"",INDEX('DEF_CALL_DECISION_SUPPORT'!$A$1:$U$1496,$Z78,5)) | F78: =IF($Z78=0,"",INDEX('DEF_CALL_DECISION_SUPPORT'!$A$1:$U$1496,$Z78,6)) | G78: =IF($Z78=0,"",INDEX('DEF_CALL_DECISION_SUPPORT'!$A$1:$U$1496,$Z78,10)) | H78: =IF($Z78=0,"",INDEX('DEF_CALL_DECISION_SUPPORT'!$A$1:$U$1496,$Z78,9)) | I78: =IF($Z78=0,"",INDEX('DEF_CALL_DECISION_SUPPORT'!$A$1:$U$1496,$Z78,11)) | J78: =IF(Z78=0,"Film Review Required",IF(C78<4,"Sample Watch • ","")&"Broad Concept Proxy") -> Film Review Required | K78: ="Opponent exact-play alert only. No Defensive Exact-Play Sample. "&IF(Z78=0,"Confirm concept mapping and review film before treating this as a defensive candidate.","Metrics describe the confirmed concept; "&IF($Z78=0,"",INDEX('DEF_CALL_DECISION_SUPPORT'!$A$1:$U$1496,$Z78,12))) -> Opponent exact-play alert only. No Defensive Exact-Play Sample. Confirm concept mapping and review film before treating this as a defensive candidate. | Y78: 5:FLOOD| | Z78: =IF($L78="",0,IFERROR(MATCH(LEN($L78)&":"&$L78&"|",'DEF_CALL_DECISION_SUPPORT'!$U$1264:$U$1440,0)+1264-1,0)) -> 0
A79: FLY MOTION PASS | B79: =IF($Z79=0,"Film Review Required",INDEX('DEF_CALL_DECISION_SUPPORT'!$A$1:$U$1496,$Z79,2)) -> SMOKE BUC | C79: =IF($Z79=0,"",INDEX('DEF_CALL_DECISION_SUPPORT'!$A$1:$U$1496,$Z79,3)) -> 1 | D79: =IF($Z79=0,"",INDEX('DEF_CALL_DECISION_SUPPORT'!$A$1:$U$1496,$Z79,4)) -> 1 | E79: =IF($Z79=0,"",INDEX('DEF_CALL_DECISION_SUPPORT'!$A$1:$U$1496,$Z79,5)) -> 0 | F79: =IF($Z79=0,"",INDEX('DEF_CALL_DECISION_SUPPORT'!$A$1:$U$1496,$Z79,6)) -> 4 | G79: =IF($Z79=0,"",INDEX('DEF_CALL_DECISION_SUPPORT'!$A$1:$U$1496,$Z79,10)) -> 96 | H79: =IF($Z79=0,"",INDEX('DEF_CALL_DECISION_SUPPORT'!$A$1:$U$1496,$Z79,9)) -> TRACK | I79: =IF($Z79=0,"",INDEX('DEF_CALL_DECISION_SUPPORT'!$A$1:$U$1496,$Z79,11)) -> Track Only | J79: =IF(Z79=0,"Film Review Required",IF(C79<4,"Sample Watch • ","")&"Broad Concept Proxy") -> Sample Watch • Broad Concept Proxy | K79: ="Opponent exact-play alert only. No Defensive Exact-Play Sample. "&IF(Z79=0,"Confirm concept mapping and review film before treating this as a defensive candidate.","Metrics describe the confirmed concept; "&IF($Z79=0,"",INDEX('DEF_CALL_DECISION_SUPPORT'!$A$1:$U$1496,$Z79,12))) -> Opponent exact-play alert only. No Defensive Exact-Play Sample. Metrics describe the confirmed concept; Track only; not enough sample. | L79: FUZZY | Y79: 15:FLY MOTION PASS| | Z79: =IF($L79="",0,IFERROR(MATCH(LEN($L79)&":"&$L79&"|",'DEF_CALL_DECISION_SUPPORT'!$U$1264:$U$1440,0)+1264-1,0)) -> 1344
A80: FLY POWE READ STG | B80: =IF($Z80=0,"Film Review Required",INDEX('DEF_CALL_DECISION_SUPPORT'!$A$1:$U$1496,$Z80,2)) -> Film Review Required | C80: =IF($Z80=0,"",INDEX('DEF_CALL_DECISION_SUPPORT'!$A$1:$U$1496,$Z80,3)) | D80: =IF($Z80=0,"",INDEX('DEF_CALL_DECISION_SUPPORT'!$A$1:$U$1496,$Z80,4)) | E80: =IF($Z80=0,"",INDEX('DEF_CALL_DECISION_SUPPORT'!$A$1:$U$1496,$Z80,5)) | F80: =IF($Z80=0,"",INDEX('DEF_CALL_DECISION_SUPPORT'!$A$1:$U$1496,$Z80,6)) | G80: =IF($Z80=0,"",INDEX('DEF_CALL_DECISION_SUPPORT'!$A$1:$U$1496,$Z80,10)) | H80: =IF($Z80=0,"",INDEX('DEF_CALL_DECISION_SUPPORT'!$A$1:$U$1496,$Z80,9)) | I80: =IF($Z80=0,"",INDEX('DEF_CALL_DECISION_SUPPORT'!$A$1:$U$1496,$Z80,11)) | J80: =IF(Z80=0,"Film Review Required",IF(C80<4,"Sample Watch • ","")&"Broad Concept Proxy") -> Film Review Required | K80: ="Opponent exact-play alert only. No Defensive Exact-Play Sample. "&IF(Z80=0,"Confirm concept mapping and review film before treating this as a defensive candidate.","Metrics describe the confirmed concept; "&IF($Z80=0,"",INDEX('DEF_CALL_DECISION_SUPPORT'!$A$1:$U$1496,$Z80,12))) -> Opponent exact-play alert only. No Defensive Exact-Play Sample. Confirm concept mapping and review film before treating this as a defensive candidate. | L80: POWER READ | Y80: 17:FLY POWE READ STG| | Z80: =IF($L80="",0,IFERROR(MATCH(LEN($L80)&":"&$L80&"|",'DEF_CALL_DECISION_SUPPORT'!$U$1264:$U$1440,0)+1264-1,0)) -> 0
A81: FLY POWER READ STG | B81: =IF($Z81=0,"Film Review Required",INDEX('DEF_CALL_DECISION_SUPPORT'!$A$1:$U$1496,$Z81,2)) -> Film Review Required | C81: =IF($Z81=0,"",INDEX('DEF_CALL_DECISION_SUPPORT'!$A$1:$U$1496,$Z81,3)) | D81: =IF($Z81=0,"",INDEX('DEF_CALL_DECISION_SUPPORT'!$A$1:$U$1496,$Z81,4)) | E81: =IF($Z81=0,"",INDEX('DEF_CALL_DECISION_SUPPORT'!$A$1:$U$1496,$Z81,5)) | F81: =IF($Z81=0,"",INDEX('DEF_CALL_DECISION_SUPPORT'!$A$1:$U$1496,$Z81,6)) | G81: =IF($Z81=0,"",INDEX('DEF_CALL_DECISION_SUPPORT'!$A$1:$U$1496,$Z81,10)) | H81: =IF($Z81=0,"",INDEX('DEF_CALL_DECISION_SUPPORT'!$A$1:$U$1496,$Z81,9)) | I81: =IF($Z81=0,"",INDEX('DEF_CALL_DECISION_SUPPORT'!$A$1:$U$1496,$Z81,11)) | J81: =IF(Z81=0,"Film Review Required",IF(C81<4,"Sample Watch • ","")&"Broad Concept Proxy") -> Film Review Required | K81: ="Opponent exact-play alert only. No Defensive Exact-Play Sample. "&IF(Z81=0,"Confirm concept mapping and review film before treating this as a defensive candidate.","Metrics describe the confirmed concept; "&IF($Z81=0,"",INDEX('DEF_CALL_DECISION_SUPPORT'!$A$1:$U$1496,$Z81,12))) -> Opponent exact-play alert only. No Defensive Exact-Play Sample. Confirm concept mapping and review film before treating this as a defensive candidate. | L81: POWER READ | Y81: 18:FLY POWER READ STG| | Z81: =IF($L81="",0,IFERROR(MATCH(LEN($L81)&":"&$L81&"|",'DEF_CALL_DECISION_SUPPORT'!$U$1264:$U$1440,0)+1264-1,0)) -> 0
A82: G STG LEAD | B82: =IF($Z82=0,"Film Review Required",INDEX('DEF_CALL_DECISION_SUPPORT'!$A$1:$U$1496,$Z82,2)) -> Film Review Required | C82: =IF($Z82=0,"",INDEX('DEF_CALL_DECISION_SUPPORT'!$A$1:$U$1496,$Z82,3)) | D82: =IF($Z82=0,"",INDEX('DEF_CALL_DECISION_SUPPORT'!$A$1:$U$1496,$Z82,4)) | E82: =IF($Z82=0,"",INDEX('DEF_CALL_DECISION_SUPPORT'!$A$1:$U$1496,$Z82,5)) | F82: =IF($Z82=0,"",INDEX('DEF_CALL_DECISION_SUPPORT'!$A$1:$U$1496,$Z82,6)) | G82: =IF($Z82=0,"",INDEX('DEF_CALL_DECISION_SUPPORT'!$A$1:$U$1496,$Z82,10)) | H82: =IF($Z82=0,"",INDEX('DEF_CALL_DECISION_SUPPORT'!$A$1:$U$1496,$Z82,9)) | I82: =IF($Z82=0,"",INDEX('DEF_CALL_DECISION_SUPPORT'!$A$1:$U$1496,$Z82,11)) | J82: =IF(Z82=0,"Film Review Required",IF(C82<4,"Sample Watch • ","")&"Broad Concept Proxy") -> Film Review Required | K82: ="Opponent exact-play alert only. No Defensive Exact-Play Sample. "&IF(Z82=0,"Confirm concept mapping and review film before treating this as a defensive candidate.","Metrics describe the confirmed concept; "&IF($Z82=0,"",INDEX('DEF_CALL_DECISION_SUPPORT'!$A$1:$U$1496,$Z82,12))) -> Opponent exact-play alert only. No Defensive Exact-Play Sample. Confirm concept mapping and review film before treating this as a defensive candidate. | L82: G | Y82: 10:G STG LEAD| | Z82: =IF($L82="",0,IFERROR(MATCH(LEN($L82)&":"&$L82&"|",'DEF_CALL_DECISION_SUPPORT'!$U$1264:$U$1440,0)+1264-1,0)) -> 0
A83: G STG READ | B83: =IF($Z83=0,"Film Review Required",INDEX('DEF_CALL_DECISION_SUPPORT'!$A$1:$U$1496,$Z83,2)) -> Film Review Required | C83: =IF($Z83=0,"",INDEX('DEF_CALL_DECISION_SUPPORT'!$A$1:$U$1496,$Z83,3)) | D83: =IF($Z83=0,"",INDEX('DEF_CALL_DECISION_SUPPORT'!$A$1:$U$1496,$Z83,4)) | E83: =IF($Z83=0,"",INDEX('DEF_CALL_DECISION_SUPPORT'!$A$1:$U$1496,$Z83,5)) | F83: =IF($Z83=0,"",INDEX('DEF_CALL_DECISION_SUPPORT'!$A$1:$U$1496,$Z83,6)) | G83: =IF($Z83=0,"",INDEX('DEF_CALL_DECISION_SUPPORT'!$A$1:$U$1496,$Z83,10)) | H83: =IF($Z83=0,"",INDEX('DEF_CALL_DECISION_SUPPORT'!$A$1:$U$1496,$Z83,9)) | I83: =IF($Z83=0,"",INDEX('DEF_CALL_DECISION_SUPPORT'!$A$1:$U$1496,$Z83,11)) | J83: =IF(Z83=0,"Film Review Required",IF(C83<4,"Sample Watch • ","")&"Broad Concept Proxy") -> Film Review Required | K83: ="Opponent exact-play alert only. No Defensive Exact-Play Sample. "&IF(Z83=0,"Confirm concept mapping and review film before treating this as a defensive candidate.","Metrics describe the confirmed concept; "&IF($Z83=0,"",INDEX('DEF_CALL_DECISION_SUPPORT'!$A$1:$U$1496,$Z83,12))) -> Opponent exact-play alert only. No Defensive Exact-Play Sample. Confirm concept mapping and review film before treating this as a defensive candidate. | L83: G | Y83: 10:G STG READ| | Z83: =IF($L83="",0,IFERROR(MATCH(LEN($L83)&":"&$L83&"|",'DEF_CALL_DECISION_SUPPORT'!$U$1264:$U$1440,0)+1264-1,0)) -> 0
A84: G WK LEAD | B84: =IF($Z84=0,"Film Review Required",INDEX('DEF_CALL_DECISION_SUPPORT'!$A$1:$U$1496,$Z84,2)) -> Film Review Required | C84: =IF($Z84=0,"",INDEX('DEF_CALL_DECISION_SUPPORT'!$A$1:$U$1496,$Z84,3)) | D84: =IF($Z84=0,"",INDEX('DEF_CALL_DECISION_SUPPORT'!$A$1:$U$1496,$Z84,4)) | E84: =IF($Z84=0,"",INDEX('DEF_CALL_DECISION_SUPPORT'!$A$1:$U$1496,$Z84,5)) | F84: =IF($Z84=0,"",INDEX('DEF_CALL_DECISION_SUPPORT'!$A$1:$U$1496,$Z84,6)) | G84: =IF($Z84=0,"",INDEX('DEF_CALL_DECISION_SUPPORT'!$A$1:$U$1496,$Z84,10)) | H84: =IF($Z84=0,"",INDEX('DEF_CALL_DECISION_SUPPORT'!$A$1:$U$1496,$Z84,9)) | I84: =IF($Z84=0,"",INDEX('DEF_CALL_DECISION_SUPPORT'!$A$1:$U$1496,$Z84,11)) | J84: =IF(Z84=0,"Film Review Required",IF(C84<4,"Sample Watch • ","")&"Broad Concept Proxy") -> Film Review Required | K84: ="Opponent exact-play alert only. No Defensive Exact-Play Sample. "&IF(Z84=0,"Confirm concept mapping and review film before treating this as a defensive candidate.","Metrics describe the confirmed concept; "&IF($Z84=0,"",INDEX('DEF_CALL_DECISION_SUPPORT'!$A$1:$U$1496,$Z84,12))) -> Opponent exact-play alert only. No Defensive Exact-Play Sample. Confirm concept mapping and review film before treating this as a defensive candidate. | L84: G | Y84: 9:G WK LEAD| | Z84: =IF($L84="",0,IFERROR(MATCH(LEN($L84)&":"&$L84&"|",'DEF_CALL_DECISION_SUPPORT'!$U$1264:$U$1440,0)+1264-1,0)) -> 0
A85: H FLY SWEEP STG | B85: =IF($Z85=0,"Film Review Required",INDEX('DEF_CALL_DECISION_SUPPORT'!$A$1:$U$1496,$Z85,2)) -> SWAP | C85: =IF($Z85=0,"",INDEX('DEF_CALL_DECISION_SUPPORT'!$A$1:$U$1496,$Z85,3)) -> 1 | D85: =IF($Z85=0,"",INDEX('DEF_CALL_DECISION_SUPPORT'!$A$1:$U$1496,$Z85,4)) -> 1 | E85: =IF($Z85=0,"",INDEX('DEF_CALL_DECISION_SUPPORT'!$A$1:$U$1496,$Z85,5)) -> 0 | F85: =IF($Z85=0,"",INDEX('DEF_CALL_DECISION_SUPPORT'!$A$1:$U$1496,$Z85,6)) -> 3 | G85: =IF($Z85=0,"",INDEX('DEF_CALL_DECISION_SUPPORT'!$A$1:$U$1496,$Z85,10)) -> 97 | H85: =IF($Z85=0,"",INDEX('DEF_CALL_DECISION_SUPPORT'!$A$1:$U$1496,$Z85,9)) -> TRACK | I85: =IF($Z85=0,"",INDEX('DEF_CALL_DECISION_SUPPORT'!$A$1:$U$1496,$Z85,11)) -> Track Only | J85: =IF(Z85=0,"Film Review Required",IF(C85<4,"Sample Watch • ","")&"Broad Concept Proxy") -> Sample Watch • Broad Concept Proxy | K85: ="Opponent exact-play alert only. No Defensive Exact-Play Sample. "&IF(Z85=0,"Confirm concept mapping and review film before treating this as a defensive candidate.","Metrics describe the confirmed concept; "&IF($Z85=0,"",INDEX('DEF_CALL_DECISION_SUPPORT'!$A$1:$U$1496,$Z85,12))) -> Opponent exact-play alert only. No Defensive Exact-Play Sample. Metrics describe the confirmed concept; Track only; not enough sample. | L85: FLY SWEEP | Y85: 15:H FLY SWEEP STG| | Z85: =IF($L85="",0,IFERROR(MATCH(LEN($L85)&":"&$L85&"|",'DEF_CALL_DECISION_SUPPORT'!$U$1264:$U$1440,0)+1264-1,0)) -> 1340
A86: H FLY SWEEP STG OPTION | B86: =IF($Z86=0,"Film Review Required",INDEX('DEF_CALL_DECISION_SUPPORT'!$A$1:$U$1496,$Z86,2)) -> Q RAMBO | C86: =IF($Z86=0,"",INDEX('DEF_CALL_DECISION_SUPPORT'!$A$1:$U$1496,$Z86,3)) -> 1 | D86: =IF($Z86=0,"",INDEX('DEF_CALL_DECISION_SUPPORT'!$A$1:$U$1496,$Z86,4)) -> 1 | E86: =IF($Z86=0,"",INDEX('DEF_CALL_DECISION_SUPPORT'!$A$1:$U$1496,$Z86,5)) -> 0 | F86: =IF($Z86=0,"",INDEX('DEF_CALL_DECISION_SUPPORT'!$A$1:$U$1496,$Z86,6)) -> -1 | G86: =IF($Z86=0,"",INDEX('DEF_CALL_DECISION_SUPPORT'!$A$1:$U$1496,$Z86,10)) -> 100 | H86: =IF($Z86=0,"",INDEX('DEF_CALL_DECISION_SUPPORT'!$A$1:$U$1496,$Z86,9)) -> TRACK | I86: =IF($Z86=0,"",INDEX('DEF_CALL_DECISION_SUPPORT'!$A$1:$U$1496,$Z86,11)) -> Track Only | J86: =IF(Z86=0,"Film Review Required",IF(C86<4,"Sample Watch • ","")&"Broad Concept Proxy") -> Sample Watch • Broad Concept Proxy | K86: ="Opponent exact-play alert only. No Defensive Exact-Play Sample. "&IF(Z86=0,"Confirm concept mapping and review film before treating this as a defensive candidate.","Metrics describe the confirmed concept; "&IF($Z86=0,"",INDEX('DEF_CALL_DECISION_SUPPORT'!$A$1:$U$1496,$Z86,12))) -> Opponent exact-play alert only. No Defensive Exact-Play Sample. Metrics describe the confirmed concept; Track only; not enough sample. | L86: OPTION | Y86: 22:H FLY SWEEP STG OPTION| | Z86: =IF($L86="",0,IFERROR(MATCH(LEN($L86)&":"&$L86&"|",'DEF_CALL_DECISION_SUPPORT'!$U$1264:$U$1440,0)+1264-1,0)) -> 1377
A87: H FLY TOSS | B87: =IF($Z87=0,"Film Review Required",INDEX('DEF_CALL_DECISION_SUPPORT'!$A$1:$U$1496,$Z87,2)) -> KEY BOURBON | C87: =IF($Z87=0,"",INDEX('DEF_CALL_DECISION_SUPPORT'!$A$1:$U$1496,$Z87,3)) -> 1 | D87: =IF($Z87=0,"",INDEX('DEF_CALL_DECISION_SUPPORT'!$A$1:$U$1496,$Z87,4)) -> 1 | E87: =IF($Z87=0,"",INDEX('DEF_CALL_DECISION_SUPPORT'!$A$1:$U$1496,$Z87,5)) -> 0 | F87: =IF($Z87=0,"",INDEX('DEF_CALL_DECISION_SUPPORT'!$A$1:$U$1496,$Z87,6)) -> 0 | G87: =IF($Z87=0,"",INDEX('DEF_CALL_DECISION_SUPPORT'!$A$1:$U$1496,$Z87,10)) -> 100 | H87: =IF($Z87=0,"",INDEX('DEF_CALL_DECISION_SUPPORT'!$A$1:$U$1496,$Z87,9)) -> TRACK | I87: =IF($Z87=0,"",INDEX('DEF_CALL_DECISION_SUPPORT'!$A$1:$U$1496,$Z87,11)) -> Track Only | J87: =IF(Z87=0,"Film Review Required",IF(C87<4,"Sample Watch • ","")&"Broad Concept Proxy") -> Sample Watch • Broad Concept Proxy | K87: ="Opponent exact-play alert only. No Defensive Exact-Play Sample. "&IF(Z87=0,"Confirm concept mapping and review film before treating this as a defensive candidate.","Metrics describe the confirmed concept; "&IF($Z87=0,"",INDEX('DEF_CALL_DECISION_SUPPORT'!$A$1:$U$1496,$Z87,12))) -> Opponent exact-play alert only. No Defensive Exact-Play Sample. Metrics describe the confirmed concept; Track only; not enough sample. | L87: TOSS PASS | Y87: 10:H FLY TOSS| | Z87: =IF($L87="",0,IFERROR(MATCH(LEN($L87)&":"&$L87&"|",'DEF_CALL_DECISION_SUPPORT'!$U$1264:$U$1440,0)+1264-1,0)) -> 1438
A88: HITCH OVER | B88: =IF($Z88=0,"Film Review Required",INDEX('DEF_CALL_DECISION_SUPPORT'!$A$1:$U$1496,$Z88,2)) -> RAMBO | C88: =IF($Z88=0,"",INDEX('DEF_CALL_DECISION_SUPPORT'!$A$1:$U$1496,$Z88,3)) -> 4 | D88: =IF($Z88=0,"",INDEX('DEF_CALL_DECISION_SUPPORT'!$A$1:$U$1496,$Z88,4)) -> 1 | E88: =IF($Z88=0,"",INDEX('DEF_CALL_DECISION_SUPPORT'!$A$1:$U$1496,$Z88,5)) -> 0 | F88: =IF($Z88=0,"",INDEX('DEF_CALL_DECISION_SUPPORT'!$A$1:$U$1496,$Z88,6)) -> 1 | G88: =IF($Z88=0,"",INDEX('DEF_CALL_DECISION_SUPPORT'!$A$1:$U$1496,$Z88,10)) -> 99 | H88: =IF($Z88=0,"",INDEX('DEF_CALL_DECISION_SUPPORT'!$A$1:$U$1496,$Z88,9)) -> MEDIUM | I88: =IF($Z88=0,"",INDEX('DEF_CALL_DECISION_SUPPORT'!$A$1:$U$1496,$Z88,11)) -> Strong Candidate | J88: =IF(Z88=0,"Film Review Required",IF(C88<4,"Sample Watch • ","")&"Broad Concept Proxy") -> Broad Concept Proxy | K88: ="Opponent exact-play alert only. No Defensive Exact-Play Sample. "&IF(Z88=0,"Confirm concept mapping and review film before treating this as a defensive candidate.","Metrics describe the confirmed concept; "&IF($Z88=0,"",INDEX('DEF_CALL_DECISION_SUPPORT'!$A$1:$U$1496,$Z88,12))) -> Opponent exact-play alert only. No Defensive Exact-Play Sample. Metrics describe the confirmed concept; Strong call-fit candidate; confirm on film. | L88: 5 STEP | Y88: 10:HITCH OVER| | Z88: =IF($L88="",0,IFERROR(MATCH(LEN($L88)&":"&$L88&"|",'DEF_CALL_DECISION_SUPPORT'!$U$1264:$U$1440,0)+1264-1,0)) -> 1306
A89: HITCH POST OVER | B89: =IF($Z89=0,"Film Review Required",INDEX('DEF_CALL_DECISION_SUPPORT'!$A$1:$U$1496,$Z89,2)) -> RAMBO | C89: =IF($Z89=0,"",INDEX('DEF_CALL_DECISION_SUPPORT'!$A$1:$U$1496,$Z89,3)) -> 4 | D89: =IF($Z89=0,"",INDEX('DEF_CALL_DECISION_SUPPORT'!$A$1:$U$1496,$Z89,4)) -> 1 | E89: =IF($Z89=0,"",INDEX('DEF_CALL_DECISION_SUPPORT'!$A$1:$U$1496,$Z89,5)) -> 0 | F89: =IF($Z89=0,"",INDEX('DEF_CALL_DECISION_SUPPORT'!$A$1:$U$1496,$Z89,6)) -> 1 | G89: =IF($Z89=0,"",INDEX('DEF_CALL_DECISION_SUPPORT'!$A$1:$U$1496,$Z89,10)) -> 99 | H89: =IF($Z89=0,"",INDEX('DEF_CALL_DECISION_SUPPORT'!$A$1:$U$1496,$Z89,9)) -> MEDIUM | I89: =IF($Z89=0,"",INDEX('DEF_CALL_DECISION_SUPPORT'!$A$1:$U$1496,$Z89,11)) -> Strong Candidate | J89: =IF(Z89=0,"Film Review Required",IF(C89<4,"Sample Watch • ","")&"Broad Concept Proxy") -> Broad Concept Proxy | K89: ="Opponent exact-play alert only. No Defensive Exact-Play Sample. "&IF(Z89=0,"Confirm concept mapping and review film before treating this as a defensive candidate.","Metrics describe the confirmed concept; "&IF($Z89=0,"",INDEX('DEF_CALL_DECISION_SUPPORT'!$A$1:$U$1496,$Z89,12))) -> Opponent exact-play alert only. No Defensive Exact-Play Sample. Metrics describe the confirmed concept; Strong call-fit candidate; confirm on film. | L89: 5 STEP | Y89: 15:HITCH POST OVER| | Z89: =IF($L89="",0,IFERROR(MATCH(LEN($L89)&":"&$L89&"|",'DEF_CALL_DECISION_SUPPORT'!$U$1264:$U$1440,0)+1264-1,0)) -> 1306
A90: LEVELS UNDER | B90: =IF($Z90=0,"Film Review Required",INDEX('DEF_CALL_DECISION_SUPPORT'!$A$1:$U$1496,$Z90,2)) -> RAMBO | C90: =IF($Z90=0,"",INDEX('DEF_CALL_DECISION_SUPPORT'!$A$1:$U$1496,$Z90,3)) -> 4 | D90: =IF($Z90=0,"",INDEX('DEF_CALL_DECISION_SUPPORT'!$A$1:$U$1496,$Z90,4)) -> 1 | E90: =IF($Z90=0,"",INDEX('DEF_CALL_DECISION_SUPPORT'!$A$1:$U$1496,$Z90,5)) -> 0 | F90: =IF($Z90=0,"",INDEX('DEF_CALL_DECISION_SUPPORT'!$A$1:$U$1496,$Z90,6)) -> 1 | G90: =IF($Z90=0,"",INDEX('DEF_CALL_DECISION_SUPPORT'!$A$1:$U$1496,$Z90,10)) -> 99 | H90: =IF($Z90=0,"",INDEX('DEF_CALL_DECISION_SUPPORT'!$A$1:$U$1496,$Z90,9)) -> MEDIUM | I90: =IF($Z90=0,"",INDEX('DEF_CALL_DECISION_SUPPORT'!$A$1:$U$1496,$Z90,11)) -> Strong Candidate | J90: =IF(Z90=0,"Film Review Required",IF(C90<4,"Sample Watch • ","")&"Broad Concept Proxy") -> Broad Concept Proxy | K90: ="Opponent exact-play alert only. No Defensive Exact-Play Sample. "&IF(Z90=0,"Confirm concept mapping and review film before treating this as a defensive candidate.","Metrics describe the confirmed concept; "&IF($Z90=0,"",INDEX('DEF_CALL_DECISION_SUPPORT'!$A$1:$U$1496,$Z90,12))) -> Opponent exact-play alert only. No Defensive Exact-Play Sample. Metrics describe the confirmed concept; Strong call-fit candidate; confirm on film. | L90: 5 STEP | Y90: 12:LEVELS UNDER| | Z90: =IF($L90="",0,IFERROR(MATCH(LEN($L90)&":"&$L90&"|",'DEF_CALL_DECISION_SUPPORT'!$U$1264:$U$1440,0)+1264-1,0)) -> 1306
... A113: SPOT SMASH ARROW | B113: =IF($Z113=0,"Film Review Required",INDEX('DEF_CALL_DECISION_SUPPORT'!$A$1:$U$1496,$Z113,2)) -> RAMBO | C113: =IF($Z113=0,"",INDEX('DEF_CALL_DECISION_SUPPORT'!$A$1:$U$1496,$Z113,3)) -> 1 | D113: =IF($Z113=0,"",INDEX('DEF_CALL_DECISION_SUPPORT'!$A$1:$U$1496,$Z113,4)) -> 1 | E113: =IF($Z113=0,"",INDEX('DEF_CALL_DECISION_SUPPORT'!$A$1:$U$1496,$Z113,5)) -> 0 | F113: =IF($Z113=0,"",INDEX('DEF_CALL_DECISION_SUPPORT'!$A$1:$U$1496,$Z113,6)) -> 5 | G113: =IF($Z113=0,"",INDEX('DEF_CALL_DECISION_SUPPORT'!$A$1:$U$1496,$Z113,10)) -> 95 | H113: =IF($Z113=0,"",INDEX('DEF_CALL_DECISION_SUPPORT'!$A$1:$U$1496,$Z113,9)) -> TRACK | I113: =IF($Z113=0,"",INDEX('DEF_CALL_DECISION_SUPPORT'!$A$1:$U$1496,$Z113,11)) -> Track Only | J113: =IF(Z113=0,"Film Review Required",IF(C113<4,"Sample Watch • ","")&"Broad Concept Proxy") -> Sample Watch • Broad Concept Proxy | K113: ="Opponent exact-play alert only. No Defensive Exact-Play Sample. "&IF(Z113=0,"Confirm concept mapping and review film before treating this as a defensive candidate.","Metrics describe the confirmed concept; "&IF($Z113=0,"",INDEX('DEF_CALL_DECISION_SUPPORT'!$A$1:$U$1496,$Z113,12))) -> Opponent exact-play alert only. No Defensive Exact-Play Sample. Metrics describe the confirmed concept; Track only; not enough sample. | L113: SOP | Y113: 16:SPOT SMASH ARROW| | Z113: =IF($L113="",0,IFERROR(MATCH(LEN($L113)&":"&$L113&"|",'DEF_CALL_DECISION_SUPPORT'!$U$1264:$U$1440,0)+1264-1,0)) -> 1430
A114: STICKS | B114: =IF($Z114=0,"Film Review Required",INDEX('DEF_CALL_DECISION_SUPPORT'!$A$1:$U$1496,$Z114,2)) -> Film Review Required | C114: =IF($Z114=0,"",INDEX('DEF_CALL_DECISION_SUPPORT'!$A$1:$U$1496,$Z114,3)) | D114: =IF($Z114=0,"",INDEX('DEF_CALL_DECISION_SUPPORT'!$A$1:$U$1496,$Z114,4)) | E114: =IF($Z114=0,"",INDEX('DEF_CALL_DECISION_SUPPORT'!$A$1:$U$1496,$Z114,5)) | F114: =IF($Z114=0,"",INDEX('DEF_CALL_DECISION_SUPPORT'!$A$1:$U$1496,$Z114,6)) | G114: =IF($Z114=0,"",INDEX('DEF_CALL_DECISION_SUPPORT'!$A$1:$U$1496,$Z114,10)) | H114: =IF($Z114=0,"",INDEX('DEF_CALL_DECISION_SUPPORT'!$A$1:$U$1496,$Z114,9)) | I114: =IF($Z114=0,"",INDEX('DEF_CALL_DECISION_SUPPORT'!$A$1:$U$1496,$Z114,11)) | J114: =IF(Z114=0,"Film Review Required",IF(C114<4,"Sample Watch • ","")&"Broad Concept Proxy") -> Film Review Required | K114: ="Opponent exact-play alert only. No Defensive Exact-Play Sample. "&IF(Z114=0,"Confirm concept mapping and review film before treating this as a defensive candidate.","Metrics describe the confirmed concept; "&IF($Z114=0,"",INDEX('DEF_CALL_DECISION_SUPPORT'!$A$1:$U$1496,$Z114,12))) -> Opponent exact-play alert only. No Defensive Exact-Play Sample. Confirm concept mapping and review film before treating this as a defensive candidate. | Y114: 6:STICKS| | Z114: =IF($L114="",0,IFERROR(MATCH(LEN($L114)&":"&$L114&"|",'DEF_CALL_DECISION_SUPPORT'!$U$1264:$U$1440,0)+1264-1,0)) -> 0
A115: STICKS UNDER | B115: =IF($Z115=0,"Film Review Required",INDEX('DEF_CALL_DECISION_SUPPORT'!$A$1:$U$1496,$Z115,2)) -> RAMBO | C115: =IF($Z115=0,"",INDEX('DEF_CALL_DECISION_SUPPORT'!$A$1:$U$1496,$Z115,3)) -> 4 | D115: =IF($Z115=0,"",INDEX('DEF_CALL_DECISION_SUPPORT'!$A$1:$U$1496,$Z115,4)) -> 1 | E115: =IF($Z115=0,"",INDEX('DEF_CALL_DECISION_SUPPORT'!$A$1:$U$1496,$Z115,5)) -> 0 | F115: =IF($Z115=0,"",INDEX('DEF_CALL_DECISION_SUPPORT'!$A$1:$U$1496,$Z115,6)) -> 1 | G115: =IF($Z115=0,"",INDEX('DEF_CALL_DECISION_SUPPORT'!$A$1:$U$1496,$Z115,10)) -> 99 | H115: =IF($Z115=0,"",INDEX('DEF_CALL_DECISION_SUPPORT'!$A$1:$U$1496,$Z115,9)) -> MEDIUM | I115: =IF($Z115=0,"",INDEX('DEF_CALL_DECISION_SUPPORT'!$A$1:$U$1496,$Z115,11)) -> Strong Candidate | J115: =IF(Z115=0,"Film Review Required",IF(C115<4,"Sample Watch • ","")&"Broad Concept Proxy") -> Broad Concept Proxy | K115: ="Opponent exact-play alert only. No Defensive Exact-Play Sample. "&IF(Z115=0,"Confirm concept mapping and review film before treating this as a defensive candidate.","Metrics describe the confirmed concept; "&IF($Z115=0,"",INDEX('DEF_CALL_DECISION_SUPPORT'!$A$1:$U$1496,$Z115,12))) -> Opponent exact-play alert only. No Defensive Exact-Play Sample. Metrics describe the confirmed concept; Strong call-fit candidate; confirm on film. | L115: 5 STEP | Y115: 12:STICKS UNDER| | Z115: =IF($L115="",0,IFERROR(MATCH(LEN($L115)&":"&$L115&"|",'DEF_CALL_DECISION_SUPPORT'!$U$1264:$U$1440,0)+1264-1,0)) -> 1306
A116: TB SLIP SCREEN | B116: =IF($Z116=0,"Film Review Required",INDEX('DEF_CALL_DECISION_SUPPORT'!$A$1:$U$1496,$Z116,2)) -> BOURBON | C116: =IF($Z116=0,"",INDEX('DEF_CALL_DECISION_SUPPORT'!$A$1:$U$1496,$Z116,3)) -> 1 | D116: =IF($Z116=0,"",INDEX('DEF_CALL_DECISION_SUPPORT'!$A$1:$U$1496,$Z116,4)) -> 1 | E116: =IF($Z116=0,"",INDEX('DEF_CALL_DECISION_SUPPORT'!$A$1:$U$1496,$Z116,5)) -> 0 | F116: =IF($Z116=0,"",INDEX('DEF_CALL_DECISION_SUPPORT'!$A$1:$U$1496,$Z116,6)) -> 0 | G116: =IF($Z116=0,"",INDEX('DEF_CALL_DECISION_SUPPORT'!$A$1:$U$1496,$Z116,10)) -> 100 | H116: =IF($Z116=0,"",INDEX('DEF_CALL_DECISION_SUPPORT'!$A$1:$U$1496,$Z116,9)) -> TRACK | I116: =IF($Z116=0,"",INDEX('DEF_CALL_DECISION_SUPPORT'!$A$1:$U$1496,$Z116,11)) -> Track Only | J116: =IF(Z116=0,"Film Review Required",IF(C116<4,"Sample Watch • ","")&"Broad Concept Proxy") -> Sample Watch • Broad Concept Proxy | K116: ="Opponent exact-play alert only. No Defensive Exact-Play Sample. "&IF(Z116=0,"Confirm concept mapping and review film before treating this as a defensive candidate.","Metrics describe the confirmed concept; "&IF($Z116=0,"",INDEX('DEF_CALL_DECISION_SUPPORT'!$A$1:$U$1496,$Z116,12))) -> Opponent exact-play alert only. No Defensive Exact-Play Sample. Metrics describe the confirmed concept; Track only; not enough sample. | L116: SCREEN | Y116: 14:TB SLIP SCREEN| | Z116: =IF($L116="",0,IFERROR(MATCH(LEN($L116)&":"&$L116&"|",'DEF_CALL_DECISION_SUPPORT'!$U$1264:$U$1440,0)+1264-1,0)) -> 1426
A117: TB SWING SCREEN | B117: =IF($Z117=0,"Film Review Required",INDEX('DEF_CALL_DECISION_SUPPORT'!$A$1:$U$1496,$Z117,2)) -> BOURBON | C117: =IF($Z117=0,"",INDEX('DEF_CALL_DECISION_SUPPORT'!$A$1:$U$1496,$Z117,3)) -> 1 | D117: =IF($Z117=0,"",INDEX('DEF_CALL_DECISION_SUPPORT'!$A$1:$U$1496,$Z117,4)) -> 1 | E117: =IF($Z117=0,"",INDEX('DEF_CALL_DECISION_SUPPORT'!$A$1:$U$1496,$Z117,5)) -> 0 | F117: =IF($Z117=0,"",INDEX('DEF_CALL_DECISION_SUPPORT'!$A$1:$U$1496,$Z117,6)) -> 0 | G117: =IF($Z117=0,"",INDEX('DEF_CALL_DECISION_SUPPORT'!$A$1:$U$1496,$Z117,10)) -> 100 | H117: =IF($Z117=0,"",INDEX('DEF_CALL_DECISION_SUPPORT'!$A$1:$U$1496,$Z117,9)) -> TRACK | I117: =IF($Z117=0,"",INDEX('DEF_CALL_DECISION_SUPPORT'!$A$1:$U$1496,$Z117,11)) -> Track Only | J117: =IF(Z117=0,"Film Review Required",IF(C117<4,"Sample Watch • ","")&"Broad Concept Proxy") -> Sample Watch • Broad Concept Proxy | K117: ="Opponent exact-play alert only. No Defensive Exact-Play Sample. "&IF(Z117=0,"Confirm concept mapping and review film before treating this as a defensive candidate.","Metrics describe the confirmed concept; "&IF($Z117=0,"",INDEX('DEF_CALL_DECISION_SUPPORT'!$A$1:$U$1496,$Z117,12))) -> Opponent exact-play alert only. No Defensive Exact-Play Sample. Metrics describe the confirmed concept; Track only; not enough sample. | L117: SCREEN | Y117: 15:TB SWING SCREEN| | Z117: =IF($L117="",0,IFERROR(MATCH(LEN($L117)&":"&$L117&"|",'DEF_CALL_DECISION_SUPPORT'!$U$1264:$U$1440,0)+1264-1,0)) -> 1426
A118: TRAP STG | B118: =IF($Z118=0,"Film Review Required",INDEX('DEF_CALL_DECISION_SUPPORT'!$A$1:$U$1496,$Z118,2)) -> Film Review Required | C118: =IF($Z118=0,"",INDEX('DEF_CALL_DECISION_SUPPORT'!$A$1:$U$1496,$Z118,3)) | D118: =IF($Z118=0,"",INDEX('DEF_CALL_DECISION_SUPPORT'!$A$1:$U$1496,$Z118,4)) | E118: =IF($Z118=0,"",INDEX('DEF_CALL_DECISION_SUPPORT'!$A$1:$U$1496,$Z118,5)) | F118: =IF($Z118=0,"",INDEX('DEF_CALL_DECISION_SUPPORT'!$A$1:$U$1496,$Z118,6)) | G118: =IF($Z118=0,"",INDEX('DEF_CALL_DECISION_SUPPORT'!$A$1:$U$1496,$Z118,10)) | H118: =IF($Z118=0,"",INDEX('DEF_CALL_DECISION_SUPPORT'!$A$1:$U$1496,$Z118,9)) | I118: =IF($Z118=0,"",INDEX('DEF_CALL_DECISION_SUPPORT'!$A$1:$U$1496,$Z118,11)) | J118: =IF(Z118=0,"Film Review Required",IF(C118<4,"Sample Watch • ","")&"Broad Concept Proxy") -> Film Review Required | K118: ="Opponent exact-play alert only. No Defensive Exact-Play Sample. "&IF(Z118=0,"Confirm concept mapping and review film before treating this as a defensive candidate.","Metrics describe the confirmed concept; "&IF($Z118=0,"",INDEX('DEF_CALL_DECISION_SUPPORT'!$A$1:$U$1496,$Z118,12))) -> Opponent exact-play alert only. No Defensive Exact-Play Sample. Confirm concept mapping and review film before treating this as a defensive candidate. | L118: TRAP | Y118: 8:TRAP STG| | Z118: =IF($L118="",0,IFERROR(MATCH(LEN($L118)&":"&$L118&"|",'DEF_CALL_DECISION_SUPPORT'!$U$1264:$U$1440,0)+1264-1,0)) -> 0
A119: VERT DIG OPTION | B119: =IF($Z119=0,"Film Review Required",INDEX('DEF_CALL_DECISION_SUPPORT'!$A$1:$U$1496,$Z119,2)) -> RAMBO | C119: =IF($Z119=0,"",INDEX('DEF_CALL_DECISION_SUPPORT'!$A$1:$U$1496,$Z119,3)) -> 4 | D119: =IF($Z119=0,"",INDEX('DEF_CALL_DECISION_SUPPORT'!$A$1:$U$1496,$Z119,4)) -> 1 | E119: =IF($Z119=0,"",INDEX('DEF_CALL_DECISION_SUPPORT'!$A$1:$U$1496,$Z119,5)) -> 0 | F119: =IF($Z119=0,"",INDEX('DEF_CALL_DECISION_SUPPORT'!$A$1:$U$1496,$Z119,6)) -> 1 | G119: =IF($Z119=0,"",INDEX('DEF_CALL_DECISION_SUPPORT'!$A$1:$U$1496,$Z119,10)) -> 99 | H119: =IF($Z119=0,"",INDEX('DEF_CALL_DECISION_SUPPORT'!$A$1:$U$1496,$Z119,9)) -> MEDIUM | I119: =IF($Z119=0,"",INDEX('DEF_CALL_DECISION_SUPPORT'!$A$1:$U$1496,$Z119,11)) -> Strong Candidate | J119: =IF(Z119=0,"Film Review Required",IF(C119<4,"Sample Watch • ","")&"Broad Concept Proxy") -> Broad Concept Proxy | K119: ="Opponent exact-play alert only. No Defensive Exact-Play Sample. "&IF(Z119=0,"Confirm concept mapping and review film before treating this as a defensive candidate.","Metrics describe the confirmed concept; "&IF($Z119=0,"",INDEX('DEF_CALL_DECISION_SUPPORT'!$A$1:$U$1496,$Z119,12))) -> Opponent exact-play alert only. No Defensive Exact-Play Sample. Metrics describe the confirmed concept; Strong call-fit candidate; confirm on film. | L119: 5 STEP | Y119: 15:VERT DIG OPTION| | Z119: =IF($L119="",0,IFERROR(MATCH(LEN($L119)&":"&$L119&"|",'DEF_CALL_DECISION_SUPPORT'!$U$1264:$U$1440,0)+1264-1,0)) -> 1306
A120: VERT DIG OVER | B120: =IF($Z120=0,"Film Review Required",INDEX('DEF_CALL_DECISION_SUPPORT'!$A$1:$U$1496,$Z120,2)) -> RAMBO | C120: =IF($Z120=0,"",INDEX('DEF_CALL_DECISION_SUPPORT'!$A$1:$U$1496,$Z120,3)) -> 4 | D120: =IF($Z120=0,"",INDEX('DEF_CALL_DECISION_SUPPORT'!$A$1:$U$1496,$Z120,4)) -> 1 | E120: =IF($Z120=0,"",INDEX('DEF_CALL_DECISION_SUPPORT'!$A$1:$U$1496,$Z120,5)) -> 0 | F120: =IF($Z120=0,"",INDEX('DEF_CALL_DECISION_SUPPORT'!$A$1:$U$1496,$Z120,6)) -> 1 | G120: =IF($Z120=0,"",INDEX('DEF_CALL_DECISION_SUPPORT'!$A$1:$U$1496,$Z120,10)) -> 99 | H120: =IF($Z120=0,"",INDEX('DEF_CALL_DECISION_SUPPORT'!$A$1:$U$1496,$Z120,9)) -> MEDIUM | I120: =IF($Z120=0,"",INDEX('DEF_CALL_DECISION_SUPPORT'!$A$1:$U$1496,$Z120,11)) -> Strong Candidate | J120: =IF(Z120=0,"Film Review Required",IF(C120<4,"Sample Watch • ","")&"Broad Concept Proxy") -> Broad Concept Proxy | K120: ="Opponent exact-play alert only. No Defensive Exact-Play Sample. "&IF(Z120=0,"Confirm concept mapping and review film before treating this as a defensive candidate.","Metrics describe the confirmed concept; "&IF($Z120=0,"",INDEX('DEF_CALL_DECISION_SUPPORT'!$A$1:$U$1496,$Z120,12))) -> Opponent exact-play alert only. No Defensive Exact-Play Sample. Metrics describe the confirmed concept; Strong call-fit candidate; confirm on film. | L120: 5 STEP | Y120: 13:VERT DIG OVER| | Z120: =IF($L120="",0,IFERROR(MATCH(LEN($L120)&":"&$L120&"|",'DEF_CALL_DECISION_SUPPORT'!$U$1264:$U$1440,0)+1264-1,0)) -> 1306
A121: VERT OUT OPTION | B121: =IF($Z121=0,"Film Review Required",INDEX('DEF_CALL_DECISION_SUPPORT'!$A$1:$U$1496,$Z121,2)) -> REBEL | C121: =IF($Z121=0,"",INDEX('DEF_CALL_DECISION_SUPPORT'!$A$1:$U$1496,$Z121,3)) -> 4 | D121: =IF($Z121=0,"",INDEX('DEF_CALL_DECISION_SUPPORT'!$A$1:$U$1496,$Z121,4)) -> 0.75 | E121: =IF($Z121=0,"",INDEX('DEF_CALL_DECISION_SUPPORT'!$A$1:$U$1496,$Z121,5)) -> 0 | F121: =IF($Z121=0,"",INDEX('DEF_CALL_DECISION_SUPPORT'!$A$1:$U$1496,$Z121,6)) -> 3.75 | G121: =IF($Z121=0,"",INDEX('DEF_CALL_DECISION_SUPPORT'!$A$1:$U$1496,$Z121,10)) -> 78.8 | H121: =IF($Z121=0,"",INDEX('DEF_CALL_DECISION_SUPPORT'!$A$1:$U$1496,$Z121,9)) -> MEDIUM | I121: =IF($Z121=0,"",INDEX('DEF_CALL_DECISION_SUPPORT'!$A$1:$U$1496,$Z121,11)) -> Good Candidate | J121: =IF(Z121=0,"Film Review Required",IF(C121<4,"Sample Watch • ","")&"Broad Concept Proxy") -> Broad Concept Proxy | K121: ="Opponent exact-play alert only. No Defensive Exact-Play Sample. "&IF(Z121=0,"Confirm concept mapping and review film before treating this as a defensive candidate.","Metrics describe the confirmed concept; "&IF($Z121=0,"",INDEX('DEF_CALL_DECISION_SUPPORT'!$A$1:$U$1496,$Z121,12))) -> Opponent exact-play alert only. No Defensive Exact-Play Sample. Metrics describe the confirmed concept; Good call-fit signal; confirm on film. | L121: 3 STEP | Y121: 15:VERT OUT OPTION| | Z121: =IF($L121="",0,IFERROR(MATCH(LEN($L121)&":"&$L121&"|",'DEF_CALL_DECISION_SUPPORT'!$U$1264:$U$1440,0)+1264-1,0)) -> 1275
A122: VERT OUT SEAM | B122: =IF($Z122=0,"Film Review Required",INDEX('DEF_CALL_DECISION_SUPPORT'!$A$1:$U$1496,$Z122,2)) -> REBEL | C122: =IF($Z122=0,"",INDEX('DEF_CALL_DECISION_SUPPORT'!$A$1:$U$1496,$Z122,3)) -> 4 | D122: =IF($Z122=0,"",INDEX('DEF_CALL_DECISION_SUPPORT'!$A$1:$U$1496,$Z122,4)) -> 0.75 | E122: =IF($Z122=0,"",INDEX('DEF_CALL_DECISION_SUPPORT'!$A$1:$U$1496,$Z122,5)) -> 0 | F122: =IF($Z122=0,"",INDEX('DEF_CALL_DECISION_SUPPORT'!$A$1:$U$1496,$Z122,6)) -> 3.75 | G122: =IF($Z122=0,"",INDEX('DEF_CALL_DECISION_SUPPORT'!$A$1:$U$1496,$Z122,10)) -> 78.8 | H122: =IF($Z122=0,"",INDEX('DEF_CALL_DECISION_SUPPORT'!$A$1:$U$1496,$Z122,9)) -> MEDIUM | I122: =IF($Z122=0,"",INDEX('DEF_CALL_DECISION_SUPPORT'!$A$1:$U$1496,$Z122,11)) -> Good Candidate | J122: =IF(Z122=0,"Film Review Required",IF(C122<4,"Sample Watch • ","")&"Broad Concept Proxy") -> Broad Concept Proxy | K122: ="Opponent exact-play alert only. No Defensive Exact-Play Sample. "&IF(Z122=0,"Confirm concept mapping and review film before treating this as a defensive candidate.","Metrics describe the confirmed concept; "&IF($Z122=0,"",INDEX('DEF_CALL_DECISION_SUPPORT'!$A$1:$U$1496,$Z122,12))) -> Opponent exact-play alert only. No Defensive Exact-Play Sample. Metrics describe the confirmed concept; Good call-fit signal; confirm on film. | L122: 3 STEP | Y122: 13:VERT OUT SEAM| | Z122: =IF($L122="",0,IFERROR(MATCH(LEN($L122)&":"&$L122&"|",'DEF_CALL_DECISION_SUPPORT'!$U$1264:$U$1440,0)+1264-1,0)) -> 1275
A123: VERT SPOT SMASH | B123: =IF($Z123=0,"Film Review Required",INDEX('DEF_CALL_DECISION_SUPPORT'!$A$1:$U$1496,$Z123,2)) -> RAMBO | C123: =IF($Z123=0,"",INDEX('DEF_CALL_DECISION_SUPPORT'!$A$1:$U$1496,$Z123,3)) -> 4 | D123: =IF($Z123=0,"",INDEX('DEF_CALL_DECISION_SUPPORT'!$A$1:$U$1496,$Z123,4)) -> 1 | E123: =IF($Z123=0,"",INDEX('DEF_CALL_DECISION_SUPPORT'!$A$1:$U$1496,$Z123,5)) -> 0 | F123: =IF($Z123=0,"",INDEX('DEF_CALL_DECISION_SUPPORT'!$A$1:$U$1496,$Z123,6)) -> 1 | G123: =IF($Z123=0,"",INDEX('DEF_CALL_DECISION_SUPPORT'!$A$1:$U$1496,$Z123,10)) -> 99 | H123: =IF($Z123=0,"",INDEX('DEF_CALL_DECISION_SUPPORT'!$A$1:$U$1496,$Z123,9)) -> MEDIUM | I123: =IF($Z123=0,"",INDEX('DEF_CALL_DECISION_SUPPORT'!$A$1:$U$1496,$Z123,11)) -> Strong Candidate | J123: =IF(Z123=0,"Film Review Required",IF(C123<4,"Sample Watch • ","")&"Broad Concept Proxy") -> Broad Concept Proxy | K123: ="Opponent exact-play alert only. No Defensive Exact-Play Sample. "&IF(Z123=0,"Confirm concept mapping and review film before treating this as a defensive candidate.","Metrics describe the confirmed concept; "&IF($Z123=0,"",INDEX('DEF_CALL_DECISION_SUPPORT'!$A$1:$U$1496,$Z123,12))) -> Opponent exact-play alert only. No Defensive Exact-Play Sample. Metrics describe the confirmed concept; Strong call-fit candidate; confirm on film. | L123: 5 STEP | Y123: 15:VERT SPOT SMASH| | Z123: =IF($L123="",0,IFERROR(MATCH(LEN($L123)&":"&$L123&"|",'DEF_CALL_DECISION_SUPPORT'!$U$1264:$U$1440,0)+1264-1,0)) -> 1306
A124: VERT SPOT UNDER | B124: =IF($Z124=0,"Film Review Required",INDEX('DEF_CALL_DECISION_SUPPORT'!$A$1:$U$1496,$Z124,2)) -> RAMBO | C124: =IF($Z124=0,"",INDEX('DEF_CALL_DECISION_SUPPORT'!$A$1:$U$1496,$Z124,3)) -> 4 | D124: =IF($Z124=0,"",INDEX('DEF_CALL_DECISION_SUPPORT'!$A$1:$U$1496,$Z124,4)) -> 1 | E124: =IF($Z124=0,"",INDEX('DEF_CALL_DECISION_SUPPORT'!$A$1:$U$1496,$Z124,5)) -> 0 | F124: =IF($Z124=0,"",INDEX('DEF_CALL_DECISION_SUPPORT'!$A$1:$U$1496,$Z124,6)) -> 1 | G124: =IF($Z124=0,"",INDEX('DEF_CALL_DECISION_SUPPORT'!$A$1:$U$1496,$Z124,10)) -> 99 | H124: =IF($Z124=0,"",INDEX('DEF_CALL_DECISION_SUPPORT'!$A$1:$U$1496,$Z124,9)) -> MEDIUM | I124: =IF($Z124=0,"",INDEX('DEF_CALL_DECISION_SUPPORT'!$A$1:$U$1496,$Z124,11)) -> Strong Candidate | J124: =IF(Z124=0,"Film Review Required",IF(C124<4,"Sample Watch • ","")&"Broad Concept Proxy") -> Broad Concept Proxy | K124: ="Opponent exact-play alert only. No Defensive Exact-Play Sample. "&IF(Z124=0,"Confirm concept mapping and review film before treating this as a defensive candidate.","Metrics describe the confirmed concept; "&IF($Z124=0,"",INDEX('DEF_CALL_DECISION_SUPPORT'!$A$1:$U$1496,$Z124,12))) -> Opponent exact-play alert only. No Defensive Exact-Play Sample. Metrics describe the confirmed concept; Strong call-fit candidate; confirm on film. | L124: 5 STEP | Y124: 15:VERT SPOT UNDER| | Z124: =IF($L124="",0,IFERROR(MATCH(LEN($L124)&":"&$L124&"|",'DEF_CALL_DECISION_SUPPORT'!$U$1264:$U$1440,0)+1264-1,0)) -> 1306
A125: VERTS | B125: =IF($Z125=0,"Film Review Required",INDEX('DEF_CALL_DECISION_SUPPORT'!$A$1:$U$1496,$Z125,2)) -> Film Review Required | C125: =IF($Z125=0,"",INDEX('DEF_CALL_DECISION_SUPPORT'!$A$1:$U$1496,$Z125,3)) | D125: =IF($Z125=0,"",INDEX('DEF_CALL_DECISION_SUPPORT'!$A$1:$U$1496,$Z125,4)) | E125: =IF($Z125=0,"",INDEX('DEF_CALL_DECISION_SUPPORT'!$A$1:$U$1496,$Z125,5)) | F125: =IF($Z125=0,"",INDEX('DEF_CALL_DECISION_SUPPORT'!$A$1:$U$1496,$Z125,6)) | G125: =IF($Z125=0,"",INDEX('DEF_CALL_DECISION_SUPPORT'!$A$1:$U$1496,$Z125,10)) | H125: =IF($Z125=0,"",INDEX('DEF_CALL_DECISION_SUPPORT'!$A$1:$U$1496,$Z125,9)) | I125: =IF($Z125=0,"",INDEX('DEF_CALL_DECISION_SUPPORT'!$A$1:$U$1496,$Z125,11)) | J125: =IF(Z125=0,"Film Review Required",IF(C125<4,"Sample Watch • ","")&"Broad Concept Proxy") -> Film Review Required | K125: ="Opponent exact-play alert only. No Defensive Exact-Play Sample. "&IF(Z125=0,"Confirm concept mapping and review film before treating this as a defensive candidate.","Metrics describe the confirmed concept; "&IF($Z125=0,"",INDEX('DEF_CALL_DECISION_SUPPORT'!$A$1:$U$1496,$Z125,12))) -> Opponent exact-play alert only. No Defensive Exact-Play Sample. Confirm concept mapping and review film before treating this as a defensive candidate. | Y125: 5:VERTS| | Z125: =IF($L125="",0,IFERROR(MATCH(LEN($L125)&":"&$L125&"|",'DEF_CALL_DECISION_SUPPORT'!$U$1264:$U$1440,0)+1264-1,0)) -> 0
A126: VERTS TB SEAM | B126: =IF($Z126=0,"Film Review Required",INDEX('DEF_CALL_DECISION_SUPPORT'!$A$1:$U$1496,$Z126,2)) -> Film Review Required | C126: =IF($Z126=0,"",INDEX('DEF_CALL_DECISION_SUPPORT'!$A$1:$U$1496,$Z126,3)) | D126: =IF($Z126=0,"",INDEX('DEF_CALL_DECISION_SUPPORT'!$A$1:$U$1496,$Z126,4)) | E126: =IF($Z126=0,"",INDEX('DEF_CALL_DECISION_SUPPORT'!$A$1:$U$1496,$Z126,5)) | F126: =IF($Z126=0,"",INDEX('DEF_CALL_DECISION_SUPPORT'!$A$1:$U$1496,$Z126,6)) | G126: =IF($Z126=0,"",INDEX('DEF_CALL_DECISION_SUPPORT'!$A$1:$U$1496,$Z126,10)) | H126: =IF($Z126=0,"",INDEX('DEF_CALL_DECISION_SUPPORT'!$A$1:$U$1496,$Z126,9)) | I126: =IF($Z126=0,"",INDEX('DEF_CALL_DECISION_SUPPORT'!$A$1:$U$1496,$Z126,11)) | J126: =IF(Z126=0,"Film Review Required",IF(C126<4,"Sample Watch • ","")&"Broad Concept Proxy") -> Film Review Required | K126: ="Opponent exact-play alert only. No Defensive Exact-Play Sample. "&IF(Z126=0,"Confirm concept mapping and review film before treating this as a defensive candidate.","Metrics describe the confirmed concept; "&IF($Z126=0,"",INDEX('DEF_CALL_DECISION_SUPPORT'!$A$1:$U$1496,$Z126,12))) -> Opponent exact-play alert only. No Defensive Exact-Play Sample. Confirm concept mapping and review film before treating this as a defensive candidate. | Y126: 13:VERTS TB SEAM| | Z126: =IF($L126="",0,IFERROR(MATCH(LEN($L126)&":"&$L126&"|",'DEF_CALL_DECISION_SUPPORT'!$U$1264:$U$1440,0)+1264-1,0)) -> 0
A127: WHAM STG LEAD | B127: =IF($Z127=0,"Film Review Required",INDEX('DEF_CALL_DECISION_SUPPORT'!$A$1:$U$1496,$Z127,2)) -> Film Review Required | C127: =IF($Z127=0,"",INDEX('DEF_CALL_DECISION_SUPPORT'!$A$1:$U$1496,$Z127,3)) | D127: =IF($Z127=0,"",INDEX('DEF_CALL_DECISION_SUPPORT'!$A$1:$U$1496,$Z127,4)) | E127: =IF($Z127=0,"",INDEX('DEF_CALL_DECISION_SUPPORT'!$A$1:$U$1496,$Z127,5)) | F127: =IF($Z127=0,"",INDEX('DEF_CALL_DECISION_SUPPORT'!$A$1:$U$1496,$Z127,6)) | G127: =IF($Z127=0,"",INDEX('DEF_CALL_DECISION_SUPPORT'!$A$1:$U$1496,$Z127,10)) | H127: =IF($Z127=0,"",INDEX('DEF_CALL_DECISION_SUPPORT'!$A$1:$U$1496,$Z127,9)) | I127: =IF($Z127=0,"",INDEX('DEF_CALL_DECISION_SUPPORT'!$A$1:$U$1496,$Z127,11)) | J127: =IF(Z127=0,"Film Review Required",IF(C127<4,"Sample Watch • ","")&"Broad Concept Proxy") -> Film Review Required | K127: ="Opponent exact-play alert only. No Defensive Exact-Play Sample. "&IF(Z127=0,"Confirm concept mapping and review film before treating this as a defensive candidate.","Metrics describe the confirmed concept; "&IF($Z127=0,"",INDEX('DEF_CALL_DECISION_SUPPORT'!$A$1:$U$1496,$Z127,12))) -> Opponent exact-play alert only. No Defensive Exact-Play Sample. Confirm concept mapping and review film before treating this as a defensive candidate. | L127: WHAM | Y127: 13:WHAM STG LEAD| | Z127: =IF($L127="",0,IFERROR(MATCH(LEN($L127)&":"&$L127&"|",'DEF_CALL_DECISION_SUPPORT'!$U$1264:$U$1440,0)+1264-1,0)) -> 0
A128: X UNDER SCREEN | B128: =IF($Z128=0,"Film Review Required",INDEX('DEF_CALL_DECISION_SUPPORT'!$A$1:$U$1496,$Z128,2)) -> BOURBON | C128: =IF($Z128=0,"",INDEX('DEF_CALL_DECISION_SUPPORT'!$A$1:$U$1496,$Z128,3)) -> 1 | D128: =IF($Z128=0,"",INDEX('DEF_CALL_DECISION_SUPPORT'!$A$1:$U$1496,$Z128,4)) -> 1 | E128: =IF($Z128=0,"",INDEX('DEF_CALL_DECISION_SUPPORT'!$A$1:$U$1496,$Z128,5)) -> 0 | F128: =IF($Z128=0,"",INDEX('DEF_CALL_DECISION_SUPPORT'!$A$1:$U$1496,$Z128,6)) -> 0 | G128: =IF($Z128=0,"",INDEX('DEF_CALL_DECISION_SUPPORT'!$A$1:$U$1496,$Z128,10)) -> 100 | H128: =IF($Z128=0,"",INDEX('DEF_CALL_DECISION_SUPPORT'!$A$1:$U$1496,$Z128,9)) -> TRACK | I128: =IF($Z128=0,"",INDEX('DEF_CALL_DECISION_SUPPORT'!$A$1:$U$1496,$Z128,11)) -> Track Only | J128: =IF(Z128=0,"Film Review Required",IF(C128<4,"Sample Watch • ","")&"Broad Concept Proxy") -> Sample Watch • Broad Concept Proxy | K128: ="Opponent exact-play alert only. No Defensive Exact-Play Sample. "&IF(Z128=0,"Confirm concept mapping and review film before treating this as a defensive candidate.","Metrics describe the confirmed concept; "&IF($Z128=0,"",INDEX('DEF_CALL_DECISION_SUPPORT'!$A$1:$U$1496,$Z128,12))) -> Opponent exact-play alert only. No Defensive Exact-Play Sample. Metrics describe the confirmed concept; Track only; not enough sample. | L128: SCREEN | Y128: 14:X UNDER SCREEN| | Z128: =IF($L128="",0,IFERROR(MATCH(LEN($L128)&":"&$L128&"|",'DEF_CALL_DECISION_SUPPORT'!$U$1264:$U$1440,0)+1264-1,0)) -> 1426
A129: ZONE STG INSERT READ | B129: =IF($Z129=0,"Film Review Required",INDEX('DEF_CALL_DECISION_SUPPORT'!$A$1:$U$1496,$Z129,2)) -> STUD | C129: =IF($Z129=0,"",INDEX('DEF_CALL_DECISION_SUPPORT'!$A$1:$U$1496,$Z129,3)) -> 4 | D129: =IF($Z129=0,"",INDEX('DEF_CALL_DECISION_SUPPORT'!$A$1:$U$1496,$Z129,4)) -> 0.75 | E129: =IF($Z129=0,"",INDEX('DEF_CALL_DECISION_SUPPORT'!$A$1:$U$1496,$Z129,5)) -> 0 | F129: =IF($Z129=0,"",INDEX('DEF_CALL_DECISION_SUPPORT'!$A$1:$U$1496,$Z129,6)) -> 1.5 | G129: =IF($Z129=0,"",INDEX('DEF_CALL_DECISION_SUPPORT'!$A$1:$U$1496,$Z129,10)) -> 81 | H129: =IF($Z129=0,"",INDEX('DEF_CALL_DECISION_SUPPORT'!$A$1:$U$1496,$Z129,9)) -> MEDIUM | I129: =IF($Z129=0,"",INDEX('DEF_CALL_DECISION_SUPPORT'!$A$1:$U$1496,$Z129,11)) -> Strong Candidate | J129: =IF(Z129=0,"Film Review Required",IF(C129<4,"Sample Watch • ","")&"Broad Concept Proxy") -> Broad Concept Proxy | K129: ="Opponent exact-play alert only. No Defensive Exact-Play Sample. "&IF(Z129=0,"Confirm concept mapping and review film before treating this as a defensive candidate.","Metrics describe the confirmed concept; "&IF($Z129=0,"",INDEX('DEF_CALL_DECISION_SUPPORT'!$A$1:$U$1496,$Z129,12))) -> Opponent exact-play alert only. No Defensive Exact-Play Sample. Metrics describe the confirmed concept; Strong call-fit candidate; confirm on film. | L129: INSIDE ZONE | Y129: 20:ZONE STG INSERT READ| | Z129: =IF($L129="",0,IFERROR(MATCH(LEN($L129)&":"&$L129&"|",'DEF_CALL_DECISION_SUPPORT'!$U$1264:$U$1440,0)+1264-1,0)) -> 1370
A130: ZONE STG READ | B130: =IF($Z130=0,"Film Review Required",INDEX('DEF_CALL_DECISION_SUPPORT'!$A$1:$U$1496,$Z130,2)) -> STUD | C130: =IF($Z130=0,"",INDEX('DEF_CALL_DECISION_SUPPORT'!$A$1:$U$1496,$Z130,3)) -> 4 | D130: =IF($Z130=0,"",INDEX('DEF_CALL_DECISION_SUPPORT'!$A$1:$U$1496,$Z130,4)) -> 0.75 | E130: =IF($Z130=0,"",INDEX('DEF_CALL_DECISION_SUPPORT'!$A$1:$U$1496,$Z130,5)) -> 0 | F130: =IF($Z130=0,"",INDEX('DEF_CALL_DECISION_SUPPORT'!$A$1:$U$1496,$Z130,6)) -> 1.5 | G130: =IF($Z130=0,"",INDEX('DEF_CALL_DECISION_SUPPORT'!$A$1:$U$1496,$Z130,10)) -> 81 | H130: =IF($Z130=0,"",INDEX('DEF_CALL_DECISION_SUPPORT'!$A$1:$U$1496,$Z130,9)) -> MEDIUM | I130: =IF($Z130=0,"",INDEX('DEF_CALL_DECISION_SUPPORT'!$A$1:$U$1496,$Z130,11)) -> Strong Candidate | J130: =IF(Z130=0,"Film Review Required",IF(C130<4,"Sample Watch • ","")&"Broad Concept Proxy") -> Broad Concept Proxy | K130: ="Opponent exact-play alert only. No Defensive Exact-Play Sample. "&IF(Z130=0,"Confirm concept mapping and review film before treating this as a defensive candidate.","Metrics describe the confirmed concept; "&IF($Z130=0,"",INDEX('DEF_CALL_DECISION_SUPPORT'!$A$1:$U$1496,$Z130,12))) -> Opponent exact-play alert only. No Defensive Exact-Play Sample. Metrics describe the confirmed concept; Strong call-fit candidate; confirm on film. | L130: INSIDE ZONE | Y130: 13:ZONE STG READ| | Z130: =IF($L130="",0,IFERROR(MATCH(LEN($L130)&":"&$L130&"|",'DEF_CALL_DECISION_SUPPORT'!$U$1264:$U$1440,0)+1264-1,0)) -> 1370
A131: ZONE STG SPLIT READ | B131: =IF($Z131=0,"Film Review Required",INDEX('DEF_CALL_DECISION_SUPPORT'!$A$1:$U$1496,$Z131,2)) -> STUD | C131: =IF($Z131=0,"",INDEX('DEF_CALL_DECISION_SUPPORT'!$A$1:$U$1496,$Z131,3)) -> 4 | D131: =IF($Z131=0,"",INDEX('DEF_CALL_DECISION_SUPPORT'!$A$1:$U$1496,$Z131,4)) -> 0.75 | E131: =IF($Z131=0,"",INDEX('DEF_CALL_DECISION_SUPPORT'!$A$1:$U$1496,$Z131,5)) -> 0 | F131: =IF($Z131=0,"",INDEX('DEF_CALL_DECISION_SUPPORT'!$A$1:$U$1496,$Z131,6)) -> 1.5 | G131: =IF($Z131=0,"",INDEX('DEF_CALL_DECISION_SUPPORT'!$A$1:$U$1496,$Z131,10)) -> 81 | H131: =IF($Z131=0,"",INDEX('DEF_CALL_DECISION_SUPPORT'!$A$1:$U$1496,$Z131,9)) -> MEDIUM | I131: =IF($Z131=0,"",INDEX('DEF_CALL_DECISION_SUPPORT'!$A$1:$U$1496,$Z131,11)) -> Strong Candidate | J131: =IF(Z131=0,"Film Review Required",IF(C131<4,"Sample Watch • ","")&"Broad Concept Proxy") -> Broad Concept Proxy | K131: ="Opponent exact-play alert only. No Defensive Exact-Play Sample. "&IF(Z131=0,"Confirm concept mapping and review film before treating this as a defensive candidate.","Metrics describe the confirmed concept; "&IF($Z131=0,"",INDEX('DEF_CALL_DECISION_SUPPORT'!$A$1:$U$1496,$Z131,12))) -> Opponent exact-play alert only. No Defensive Exact-Play Sample. Metrics describe the confirmed concept; Strong call-fit candidate; confirm on film. | L131: INSIDE ZONE | Y131: 19:ZONE STG SPLIT READ| | Z131: =IF($L131="",0,IFERROR(MATCH(LEN($L131)&":"&$L131&"|",'DEF_CALL_DECISION_SUPPORT'!$U$1264:$U$1440,0)+1264-1,0)) -> 1370
A132: ZONE WK ARC READ | B132: =IF($Z132=0,"Film Review Required",INDEX('DEF_CALL_DECISION_SUPPORT'!$A$1:$U$1496,$Z132,2)) -> STUD | C132: =IF($Z132=0,"",INDEX('DEF_CALL_DECISION_SUPPORT'!$A$1:$U$1496,$Z132,3)) -> 4 | D132: =IF($Z132=0,"",INDEX('DEF_CALL_DECISION_SUPPORT'!$A$1:$U$1496,$Z132,4)) -> 0.75 | E132: =IF($Z132=0,"",INDEX('DEF_CALL_DECISION_SUPPORT'!$A$1:$U$1496,$Z132,5)) -> 0 | F132: =IF($Z132=0,"",INDEX('DEF_CALL_DECISION_SUPPORT'!$A$1:$U$1496,$Z132,6)) -> 1.5 | G132: =IF($Z132=0,"",INDEX('DEF_CALL_DECISION_SUPPORT'!$A$1:$U$1496,$Z132,10)) -> 81 | H132: =IF($Z132=0,"",INDEX('DEF_CALL_DECISION_SUPPORT'!$A$1:$U$1496,$Z132,9)) -> MEDIUM | I132: =IF($Z132=0,"",INDEX('DEF_CALL_DECISION_SUPPORT'!$A$1:$U$1496,$Z132,11)) -> Strong Candidate | J132: =IF(Z132=0,"Film Review Required",IF(C132<4,"Sample Watch • ","")&"Broad Concept Proxy") -> Broad Concept Proxy | K132: ="Opponent exact-play alert only. No Defensive Exact-Play Sample. "&IF(Z132=0,"Confirm concept mapping and review film before treating this as a defensive candidate.","Metrics describe the confirmed concept; "&IF($Z132=0,"",INDEX('DEF_CALL_DECISION_SUPPORT'!$A$1:$U$1496,$Z132,12))) -> Opponent exact-play alert only. No Defensive Exact-Play Sample. Metrics describe the confirmed concept; Strong call-fit candidate; confirm on film. | L132: INSIDE ZONE | Y132: 16:ZONE WK ARC READ| | Z132: =IF($L132="",0,IFERROR(MATCH(LEN($L132)&":"&$L132&"|",'DEF_CALL_DECISION_SUPPORT'!$U$1264:$U$1440,0)+1264-1,0)) -> 1370
A133: ZONE WK INSERT READ | B133: =IF($Z133=0,"Film Review Required",INDEX('DEF_CALL_DECISION_SUPPORT'!$A$1:$U$1496,$Z133,2)) -> STUD | C133: =IF($Z133=0,"",INDEX('DEF_CALL_DECISION_SUPPORT'!$A$1:$U$1496,$Z133,3)) -> 4 | D133: =IF($Z133=0,"",INDEX('DEF_CALL_DECISION_SUPPORT'!$A$1:$U$1496,$Z133,4)) -> 0.75 | E133: =IF($Z133=0,"",INDEX('DEF_CALL_DECISION_SUPPORT'!$A$1:$U$1496,$Z133,5)) -> 0 | F133: =IF($Z133=0,"",INDEX('DEF_CALL_DECISION_SUPPORT'!$A$1:$U$1496,$Z133,6)) -> 1.5 | G133: =IF($Z133=0,"",INDEX('DEF_CALL_DECISION_SUPPORT'!$A$1:$U$1496,$Z133,10)) -> 81 | H133: =IF($Z133=0,"",INDEX('DEF_CALL_DECISION_SUPPORT'!$A$1:$U$1496,$Z133,9)) -> MEDIUM | I133: =IF($Z133=0,"",INDEX('DEF_CALL_DECISION_SUPPORT'!$A$1:$U$1496,$Z133,11)) -> Strong Candidate | J133: =IF(Z133=0,"Film Review Required",IF(C133<4,"Sample Watch • ","")&"Broad Concept Proxy") -> Broad Concept Proxy | K133: ="Opponent exact-play alert only. No Defensive Exact-Play Sample. "&IF(Z133=0,"Confirm concept mapping and review film before treating this as a defensive candidate.","Metrics describe the confirmed concept; "&IF($Z133=0,"",INDEX('DEF_CALL_DECISION_SUPPORT'!$A$1:$U$1496,$Z133,12))) -> Opponent exact-play alert only. No Defensive Exact-Play Sample. Metrics describe the confirmed concept; Strong call-fit candidate; confirm on film. | L133: INSIDE ZONE | Y133: 19:ZONE WK INSERT READ| | Z133: =IF($L133="",0,IFERROR(MATCH(LEN($L133)&":"&$L133&"|",'DEF_CALL_DECISION_SUPPORT'!$U$1264:$U$1440,0)+1264-1,0)) -> 1370
A134: ZONE WK READ | B134: =IF($Z134=0,"Film Review Required",INDEX('DEF_CALL_DECISION_SUPPORT'!$A$1:$U$1496,$Z134,2)) -> Film Review Required | C134: =IF($Z134=0,"",INDEX('DEF_CALL_DECISION_SUPPORT'!$A$1:$U$1496,$Z134,3)) | D134: =IF($Z134=0,"",INDEX('DEF_CALL_DECISION_SUPPORT'!$A$1:$U$1496,$Z134,4)) | E134: =IF($Z134=0,"",INDEX('DEF_CALL_DECISION_SUPPORT'!$A$1:$U$1496,$Z134,5)) | F134: =IF($Z134=0,"",INDEX('DEF_CALL_DECISION_SUPPORT'!$A$1:$U$1496,$Z134,6)) | G134: =IF($Z134=0,"",INDEX('DEF_CALL_DECISION_SUPPORT'!$A$1:$U$1496,$Z134,10)) | H134: =IF($Z134=0,"",INDEX('DEF_CALL_DECISION_SUPPORT'!$A$1:$U$1496,$Z134,9)) | I134: =IF($Z134=0,"",INDEX('DEF_CALL_DECISION_SUPPORT'!$A$1:$U$1496,$Z134,11)) | J134: =IF(Z134=0,"Film Review Required",IF(C134<4,"Sample Watch • ","")&"Broad Concept Proxy") -> Film Review Required | K134: ="Opponent exact-play alert only. No Defensive Exact-Play Sample. "&IF(Z134=0,"Confirm concept mapping and review film before treating this as a defensive candidate.","Metrics describe the confirmed concept; "&IF($Z134=0,"",INDEX('DEF_CALL_DECISION_SUPPORT'!$A$1:$U$1496,$Z134,12))) -> Opponent exact-play alert only. No Defensive Exact-Play Sample. Confirm concept mapping and review film before treating this as a defensive candidate. | Y134: 12:ZONE WK READ| | Z134: =IF($L134="",0,IFERROR(MATCH(LEN($L134)&":"&$L134&"|",'DEF_CALL_DECISION_SUPPORT'!$U$1264:$U$1440,0)+1264-1,0)) -> 0
A135: ZONE WK READ OPTION | B135: =IF($Z135=0,"Film Review Required",INDEX('DEF_CALL_DECISION_SUPPORT'!$A$1:$U$1496,$Z135,2)) -> Q RAMBO | C135: =IF($Z135=0,"",INDEX('DEF_CALL_DECISION_SUPPORT'!$A$1:$U$1496,$Z135,3)) -> 1 | D135: =IF($Z135=0,"",INDEX('DEF_CALL_DECISION_SUPPORT'!$A$1:$U$1496,$Z135,4)) -> 1 | E135: =IF($Z135=0,"",INDEX('DEF_CALL_DECISION_SUPPORT'!$A$1:$U$1496,$Z135,5)) -> 0 | F135: =IF($Z135=0,"",INDEX('DEF_CALL_DECISION_SUPPORT'!$A$1:$U$1496,$Z135,6)) -> -1 | G135: =IF($Z135=0,"",INDEX('DEF_CALL_DECISION_SUPPORT'!$A$1:$U$1496,$Z135,10)) -> 100 | H135: =IF($Z135=0,"",INDEX('DEF_CALL_DECISION_SUPPORT'!$A$1:$U$1496,$Z135,9)) -> TRACK | I135: =IF($Z135=0,"",INDEX('DEF_CALL_DECISION_SUPPORT'!$A$1:$U$1496,$Z135,11)) -> Track Only | J135: =IF(Z135=0,"Film Review Required",IF(C135<4,"Sample Watch • ","")&"Broad Concept Proxy") -> Sample Watch • Broad Concept Proxy | K135: ="Opponent exact-play alert only. No Defensive Exact-Play Sample. "&IF(Z135=0,"Confirm concept mapping and review film before treating this as a defensive candidate.","Metrics describe the confirmed concept; "&IF($Z135=0,"",INDEX('DEF_CALL_DECISION_SUPPORT'!$A$1:$U$1496,$Z135,12))) -> Opponent exact-play alert only. No Defensive Exact-Play Sample. Metrics describe the confirmed concept; Track only; not enough sample. | L135: OPTION | Y135: 19:ZONE WK READ OPTION| | Z135: =IF($L135="",0,IFERROR(MATCH(LEN($L135)&":"&$L135&"|",'DEF_CALL_DECISION_SUPPORT'!$U$1264:$U$1440,0)+1264-1,0)) -> 1377
A136: ZONE WK SPLIT ARC READ | B136: =IF($Z136=0,"Film Review Required",INDEX('DEF_CALL_DECISION_SUPPORT'!$A$1:$U$1496,$Z136,2)) -> STUD | C136: =IF($Z136=0,"",INDEX('DEF_CALL_DECISION_SUPPORT'!$A$1:$U$1496,$Z136,3)) -> 4 | D136: =IF($Z136=0,"",INDEX('DEF_CALL_DECISION_SUPPORT'!$A$1:$U$1496,$Z136,4)) -> 0.75 | E136: =IF($Z136=0,"",INDEX('DEF_CALL_DECISION_SUPPORT'!$A$1:$U$1496,$Z136,5)) -> 0 | F136: =IF($Z136=0,"",INDEX('DEF_CALL_DECISION_SUPPORT'!$A$1:$U$1496,$Z136,6)) -> 1.5 | G136: =IF($Z136=0,"",INDEX('DEF_CALL_DECISION_SUPPORT'!$A$1:$U$1496,$Z136,10)) -> 81 | H136: =IF($Z136=0,"",INDEX('DEF_CALL_DECISION_SUPPORT'!$A$1:$U$1496,$Z136,9)) -> MEDIUM | I136: =IF($Z136=0,"",INDEX('DEF_CALL_DECISION_SUPPORT'!$A$1:$U$1496,$Z136,11)) -> Strong Candidate | J136: =IF(Z136=0,"Film Review Required",IF(C136<4,"Sample Watch • ","")&"Broad Concept Proxy") -> Broad Concept Proxy | K136: ="Opponent exact-play alert only. No Defensive Exact-Play Sample. "&IF(Z136=0,"Confirm concept mapping and review film before treating this as a defensive candidate.","Metrics describe the confirmed concept; "&IF($Z136=0,"",INDEX('DEF_CALL_DECISION_SUPPORT'!$A$1:$U$1496,$Z136,12))) -> Opponent exact-play alert only. No Defensive Exact-Play Sample. Metrics describe the confirmed concept; Strong call-fit candidate; confirm on film. | L136: INSIDE ZONE | Y136: 22:ZONE WK SPLIT ARC READ| | Z136: =IF($L136="",0,IFERROR(MATCH(LEN($L136)&":"&$L136&"|",'DEF_CALL_DECISION_SUPPORT'!$U$1264:$U$1440,0)+1264-1,0)) -> 1370
A137: ZONE WK SPLIT READ | B137: =IF($Z137=0,"Film Review Required",INDEX('DEF_CALL_DECISION_SUPPORT'!$A$1:$U$1496,$Z137,2)) -> STUD | C137: =IF($Z137=0,"",INDEX('DEF_CALL_DECISION_SUPPORT'!$A$1:$U$1496,$Z137,3)) -> 4 | D137: =IF($Z137=0,"",INDEX('DEF_CALL_DECISION_SUPPORT'!$A$1:$U$1496,$Z137,4)) -> 0.75 | E137: =IF($Z137=0,"",INDEX('DEF_CALL_DECISION_SUPPORT'!$A$1:$U$1496,$Z137,5)) -> 0 | F137: =IF($Z137=0,"",INDEX('DEF_CALL_DECISION_SUPPORT'!$A$1:$U$1496,$Z137,6)) -> 1.5 | G137: =IF($Z137=0,"",INDEX('DEF_CALL_DECISION_SUPPORT'!$A$1:$U$1496,$Z137,10)) -> 81 | H137: =IF($Z137=0,"",INDEX('DEF_CALL_DECISION_SUPPORT'!$A$1:$U$1496,$Z137,9)) -> MEDIUM | I137: =IF($Z137=0,"",INDEX('DEF_CALL_DECISION_SUPPORT'!$A$1:$U$1496,$Z137,11)) -> Strong Candidate | J137: =IF(Z137=0,"Film Review Required",IF(C137<4,"Sample Watch • ","")&"Broad Concept Proxy") -> Broad Concept Proxy | K137: ="Opponent exact-play alert only. No Defensive Exact-Play Sample. "&IF(Z137=0,"Confirm concept mapping and review film before treating this as a defensive candidate.","Metrics describe the confirmed concept; "&IF($Z137=0,"",INDEX('DEF_CALL_DECISION_SUPPORT'!$A$1:$U$1496,$Z137,12))) -> Opponent exact-play alert only. No Defensive Exact-Play Sample. Metrics describe the confirmed concept; Strong call-fit candidate; confirm on film. | L137: INSIDE ZONE | Y137: 18:ZONE WK SPLIT READ| | Z137: =IF($L137="",0,IFERROR(MATCH(LEN($L137)&":"&$L137&"|",'DEF_CALL_DECISION_SUPPORT'!$U$1264:$U$1440,0)+1264-1,0)) -> 1370
A142: BEST CALLS BY D&D + CONCEPT
A143: Exact defensive D&D + concept scope. No broader sample is silently substituted when this context has no reps.
A144: Situation | B144: Concept | C144: Concept Call-Fit Candidate | D144: Reps | E144: Defensive Success Rate | F144: Explosive Allowed Rate | G144: Average Gain Allowed | H144: Call Fit Score | I144: Confidence | J144: MATCHING SCOPE | K144: Coach Note | L144: Call Label
A145: 1D 1-3 | B145: INSIDE ZONE | C145: =IF($Z145=0,"Film Review Required",INDEX('DEF_CALL_DECISION_SUPPORT'!$A$1:$U$1496,$Z145,2)) -> GOLD | D145: =IF($Z145=0,"",INDEX('DEF_CALL_DECISION_SUPPORT'!$A$1:$U$1496,$Z145,3)) -> 2 | E145: =IF($Z145=0,"",INDEX('DEF_CALL_DECISION_SUPPORT'!$A$1:$U$1496,$Z145,4)) -> 1 | F145: =IF($Z145=0,"",INDEX('DEF_CALL_DECISION_SUPPORT'!$A$1:$U$1496,$Z145,5)) -> 0 | G145: =IF($Z145=0,"",INDEX('DEF_CALL_DECISION_SUPPORT'!$A$1:$U$1496,$Z145,6)) -> 1.5 | H145: =IF($Z145=0,"",INDEX('DEF_CALL_DECISION_SUPPORT'!$A$1:$U$1496,$Z145,10)) -> 98.5 | I145: =IF($Z145=0,"",INDEX('DEF_CALL_DECISION_SUPPORT'!$A$1:$U$1496,$Z145,9)) -> TRACK | J145: =IF(Z145=0,"Film Review Required",IF(D145<4,"Sample Watch • ","")&"D&D + Concept Match") -> Sample Watch • D&D + Concept Match | K145: =IF($Z145=0,"No matching defensive reps; film confirmation needed.",INDEX('DEF_CALL_DECISION_SUPPORT'!$A$1:$U$1496,$Z145,12)) -> Track only; not enough sample. | L145: =IF($Z145=0,"",INDEX('DEF_CALL_DECISION_SUPPORT'!$A$1:$U$1496,$Z145,11)) -> Track Only | Y145: 6:1D 1-3|11:INSIDE ZONE| | Z145: =IFERROR(MATCH(LEN($A145)&":"&$A145&"|"&LEN($B145)&":"&$B145&"|",'DEF_CALL_DECISION_SUPPORT'!$U$811:$U$1055,0)+811-1,0) -> 812
A146: 1D 1-3 | B146: OUTSIDE ZONE | C146: =IF($Z146=0,"Film Review Required",INDEX('DEF_CALL_DECISION_SUPPORT'!$A$1:$U$1496,$Z146,2)) -> Film Review Required | D146: =IF($Z146=0,"",INDEX('DEF_CALL_DECISION_SUPPORT'!$A$1:$U$1496,$Z146,3)) | E146: =IF($Z146=0,"",INDEX('DEF_CALL_DECISION_SUPPORT'!$A$1:$U$1496,$Z146,4)) | F146: =IF($Z146=0,"",INDEX('DEF_CALL_DECISION_SUPPORT'!$A$1:$U$1496,$Z146,5)) | G146: =IF($Z146=0,"",INDEX('DEF_CALL_DECISION_SUPPORT'!$A$1:$U$1496,$Z146,6)) | H146: =IF($Z146=0,"",INDEX('DEF_CALL_DECISION_SUPPORT'!$A$1:$U$1496,$Z146,10)) | I146: =IF($Z146=0,"",INDEX('DEF_CALL_DECISION_SUPPORT'!$A$1:$U$1496,$Z146,9)) | J146: =IF(Z146=0,"Film Review Required",IF(D146<4,"Sample Watch • ","")&"D&D + Concept Match") -> Film Review Required | K146: =IF($Z146=0,"No matching defensive reps; film confirmation needed.",INDEX('DEF_CALL_DECISION_SUPPORT'!$A$1:$U$1496,$Z146,12)) -> No matching defensive reps; film confirmation needed. | L146: =IF($Z146=0,"",INDEX('DEF_CALL_DECISION_SUPPORT'!$A$1:$U$1496,$Z146,11)) | Y146: 6:1D 1-3|12:OUTSIDE ZONE| | Z146: =IFERROR(MATCH(LEN($A146)&":"&$A146&"|"&LEN($B146)&":"&$B146&"|",'DEF_CALL_DECISION_SUPPORT'!$U$811:$U$1055,0)+811-1,0) -> 0
A147: 1D 11+ | B147: COUNTER | C147: =IF($Z147=0,"Film Review Required",INDEX('DEF_CALL_DECISION_SUPPORT'!$A$1:$U$1496,$Z147,2)) -> BOOGIE | D147: =IF($Z147=0,"",INDEX('DEF_CALL_DECISION_SUPPORT'!$A$1:$U$1496,$Z147,3)) -> 1 | E147: =IF($Z147=0,"",INDEX('DEF_CALL_DECISION_SUPPORT'!$A$1:$U$1496,$Z147,4)) -> 1 | F147: =IF($Z147=0,"",INDEX('DEF_CALL_DECISION_SUPPORT'!$A$1:$U$1496,$Z147,5)) -> 0 | G147: =IF($Z147=0,"",INDEX('DEF_CALL_DECISION_SUPPORT'!$A$1:$U$1496,$Z147,6)) -> 2 | H147: =IF($Z147=0,"",INDEX('DEF_CALL_DECISION_SUPPORT'!$A$1:$U$1496,$Z147,10)) -> 98 | I147: =IF($Z147=0,"",INDEX('DEF_CALL_DECISION_SUPPORT'!$A$1:$U$1496,$Z147,9)) -> TRACK | J147: =IF(Z147=0,"Film Review Required",IF(D147<4,"Sample Watch • ","")&"D&D + Concept Match") -> Sample Watch • D&D + Concept Match | K147: =IF($Z147=0,"No matching defensive reps; film confirmation needed.",INDEX('DEF_CALL_DECISION_SUPPORT'!$A$1:$U$1496,$Z147,12)) -> Track only; not enough sample. | L147: =IF($Z147=0,"",INDEX('DEF_CALL_DECISION_SUPPORT'!$A$1:$U$1496,$Z147,11)) -> Track Only | Y147: 6:1D 11+|7:COUNTER| | Z147: =IFERROR(MATCH(LEN($A147)&":"&$A147&"|"&LEN($B147)&":"&$B147&"|",'DEF_CALL_DECISION_SUPPORT'!$U$811:$U$1055,0)+811-1,0) -> 813
A148: 1D 11+ | B148: INSIDE ZONE | C148: =IF($Z148=0,"Film Review Required",INDEX('DEF_CALL_DECISION_SUPPORT'!$A$1:$U$1496,$Z148,2)) -> Film Review Required | D148: =IF($Z148=0,"",INDEX('DEF_CALL_DECISION_SUPPORT'!$A$1:$U$1496,$Z148,3)) | E148: =IF($Z148=0,"",INDEX('DEF_CALL_DECISION_SUPPORT'!$A$1:$U$1496,$Z148,4)) | F148: =IF($Z148=0,"",INDEX('DEF_CALL_DECISION_SUPPORT'!$A$1:$U$1496,$Z148,5)) | G148: =IF($Z148=0,"",INDEX('DEF_CALL_DECISION_SUPPORT'!$A$1:$U$1496,$Z148,6)) | H148: =IF($Z148=0,"",INDEX('DEF_CALL_DECISION_SUPPORT'!$A$1:$U$1496,$Z148,10)) | I148: =IF($Z148=0,"",INDEX('DEF_CALL_DECISION_SUPPORT'!$A$1:$U$1496,$Z148,9)) | J148: =IF(Z148=0,"Film Review Required",IF(D148<4,"Sample Watch • ","")&"D&D + Concept Match") -> Film Review Required | K148: =IF($Z148=0,"No matching defensive reps; film confirmation needed.",INDEX('DEF_CALL_DECISION_SUPPORT'!$A$1:$U$1496,$Z148,12)) -> No matching defensive reps; film confirmation needed. | L148: =IF($Z148=0,"",INDEX('DEF_CALL_DECISION_SUPPORT'!$A$1:$U$1496,$Z148,11)) | Y148: 6:1D 11+|11:INSIDE ZONE| | Z148: =IFERROR(MATCH(LEN($A148)&":"&$A148&"|"&LEN($B148)&":"&$B148&"|",'DEF_CALL_DECISION_SUPPORT'!$U$811:$U$1055,0)+811-1,0) -> 0
A149: 1D 11+ | B149: MAN | C149: =IF($Z149=0,"Film Review Required",INDEX('DEF_CALL_DECISION_SUPPORT'!$A$1:$U$1496,$Z149,2)) -> RAMBO | D149: =IF($Z149=0,"",INDEX('DEF_CALL_DECISION_SUPPORT'!$A$1:$U$1496,$Z149,3)) -> 1 | E149: =IF($Z149=0,"",INDEX('DEF_CALL_DECISION_SUPPORT'!$A$1:$U$1496,$Z149,4)) -> 0 | F149: =IF($Z149=0,"",INDEX('DEF_CALL_DECISION_SUPPORT'!$A$1:$U$1496,$Z149,5)) -> 0 | G149: =IF($Z149=0,"",INDEX('DEF_CALL_DECISION_SUPPORT'!$A$1:$U$1496,$Z149,6)) -> 9 | H149: =IF($Z149=0,"",INDEX('DEF_CALL_DECISION_SUPPORT'!$A$1:$U$1496,$Z149,10)) -> 21 | I149: =IF($Z149=0,"",INDEX('DEF_CALL_DECISION_SUPPORT'!$A$1:$U$1496,$Z149,9)) -> TRACK | J149: =IF(Z149=0,"Film Review Required",IF(D149<4,"Sample Watch • ","")&"D&D + Concept Match") -> Sample Watch • D&D + Concept Match | K149: =IF($Z149=0,"No matching defensive reps; film confirmation needed.",INDEX('DEF_CALL_DECISION_SUPPORT'!$A$1:$U$1496,$Z149,12)) -> Track only; not enough sample. | L149: =IF($Z149=0,"",INDEX('DEF_CALL_DECISION_SUPPORT'!$A$1:$U$1496,$Z149,11)) -> Track Only | Y149: 6:1D 11+|3:MAN| | Z149: =IFERROR(MATCH(LEN($A149)&":"&$A149&"|"&LEN($B149)&":"&$B149&"|",'DEF_CALL_DECISION_SUPPORT'!$U$811:$U$1055,0)+811-1,0) -> 814
A150: 1D 11+ | B150: PIN PULL | C150: =IF($Z150=0,"Film Review Required",INDEX('DEF_CALL_DECISION_SUPPORT'!$A$1:$U$1496,$Z150,2)) -> FALCON | D150: =IF($Z150=0,"",INDEX('DEF_CALL_DECISION_SUPPORT'!$A$1:$U$1496,$Z150,3)) -> 1 | E150: =IF($Z150=0,"",INDEX('DEF_CALL_DECISION_SUPPORT'!$A$1:$U$1496,$Z150,4)) -> 1 | F150: =IF($Z150=0,"",INDEX('DEF_CALL_DECISION_SUPPORT'!$A$1:$U$1496,$Z150,5)) -> 0 | G150: =IF($Z150=0,"",INDEX('DEF_CALL_DECISION_SUPPORT'!$A$1:$U$1496,$Z150,6)) -> 3 | H150: =IF($Z150=0,"",INDEX('DEF_CALL_DECISION_SUPPORT'!$A$1:$U$1496,$Z150,10)) -> 97 | I150: =IF($Z150=0,"",INDEX('DEF_CALL_DECISION_SUPPORT'!$A$1:$U$1496,$Z150,9)) -> TRACK | J150: =IF(Z150=0,"Film Review Required",IF(D150<4,"Sample Watch • ","")&"D&D + Concept Match") -> Sample Watch • D&D + Concept Match | K150: =IF($Z150=0,"No matching defensive reps; film confirmation needed.",INDEX('DEF_CALL_DECISION_SUPPORT'!$A$1:$U$1496,$Z150,12)) -> Track only; not enough sample. | L150: =IF($Z150=0,"",INDEX('DEF_CALL_DECISION_SUPPORT'!$A$1:$U$1496,$Z150,11)) -> Track Only | Y150: 6:1D 11+|8:PIN PULL| | Z150: =IFERROR(MATCH(LEN($A150)&":"&$A150&"|"&LEN($B150)&":"&$B150&"|",'DEF_CALL_DECISION_SUPPORT'!$U$811:$U$1055,0)+811-1,0) -> 815
A151: 1D 4-6 | B151: G | C151: =IF($Z151=0,"Film Review Required",INDEX('DEF_CALL_DECISION_SUPPORT'!$A$1:$U$1496,$Z151,2)) -> Film Review Required | D151: =IF($Z151=0,"",INDEX('DEF_CALL_DECISION_SUPPORT'!$A$1:$U$1496,$Z151,3)) | E151: =IF($Z151=0,"",INDEX('DEF_CALL_DECISION_SUPPORT'!$A$1:$U$1496,$Z151,4)) | F151: =IF($Z151=0,"",INDEX('DEF_CALL_DECISION_SUPPORT'!$A$1:$U$1496,$Z151,5)) | G151: =IF($Z151=0,"",INDEX('DEF_CALL_DECISION_SUPPORT'!$A$1:$U$1496,$Z151,6)) | H151: =IF($Z151=0,"",INDEX('DEF_CALL_DECISION_SUPPORT'!$A$1:$U$1496,$Z151,10)) | I151: =IF($Z151=0,"",INDEX('DEF_CALL_DECISION_SUPPORT'!$A$1:$U$1496,$Z151,9)) | J151: =IF(Z151=0,"Film Review Required",IF(D151<4,"Sample Watch • ","")&"D&D + Concept Match") -> Film Review Required | K151: =IF($Z151=0,"No matching defensive reps; film confirmation needed.",INDEX('DEF_CALL_DECISION_SUPPORT'!$A$1:$U$1496,$Z151,12)) -> No matching defensive reps; film confirmation needed. | L151: =IF($Z151=0,"",INDEX('DEF_CALL_DECISION_SUPPORT'!$A$1:$U$1496,$Z151,11)) | Y151: 6:1D 4-6|1:G| | Z151: =IFERROR(MATCH(LEN($A151)&":"&$A151&"|"&LEN($B151)&":"&$B151&"|",'DEF_CALL_DECISION_SUPPORT'!$U$811:$U$1055,0)+811-1,0) -> 0
...

Sheet DEF_CALL_DECISION_SUPPORT
A1: DEFENSIVE CALL DECISION SUPPORT
A2: START | C2: FIND A CALL | F2: OPPONENT ALERTS | I2: PRACTICE
A3: Detailed concept and context evidence behind the lookup board. Exact opponent plays are watch items; defensive performance is never claimed as exact-play proof.
A7: 1. D&D + HOT CALL
A8: Rates and scores describe only the stated defensive self-scout context. Small samples remain watch items.
A9: Context | B9: Hot Call | C9: Reps | D9: Defensive Success Rate | E9: Explosive Allowed Rate | F9: Average Gain Allowed | G9: Rush % | H9: Dropback % | I9: Confidence | J9: Call Fit Score | K9: Call Label | L9: Coach Note | M9: Situation | N9: Personnel | O9: Structure | P9: Concept | Q9: Opponent Actual Playcall | R9: Evidence Basis
A10: 1D 1-3 | B10: 9 DICE | C10: =COUNTIFS('DEF_SELF_SCOUT_IMPORT'!$L$42:$L$1040,"Y",'DEF_SELF_SCOUT_IMPORT'!$E$42:$E$1040,SUBSTITUTE(SUBSTITUTE(SUBSTITUTE($B10,"~","~~"),"*","~*"),"?","~?"),'DEF_SELF_SCOUT_IMPORT'!$Q$42:$Q$1040,SUBSTITUTE(SUBSTITUTE(SUBSTITUTE($M10,"~","~~"),"*","~*"),"?","~?")) -> 1 | D10: =IF($C10=0,"",SUMIFS('DEF_SELF_SCOUT_IMPORT'!$J$42:$J$1040,'DEF_SELF_SCOUT_IMPORT'!$L$42:$L$1040,"Y",'DEF_SELF_SCOUT_IMPORT'!$E$42:$E$1040,SUBSTITUTE(SUBSTITUTE(SUBSTITUTE($B10,"~","~~"),"*","~*"),"?","~?"),'DEF_SELF_SCOUT_IMPORT'!$Q$42:$Q$1040,SUBSTITUTE(SUBSTITUTE(SUBSTITUTE($M10,"~","~~"),"*","~*"),"?","~?"))/$C10) -> 0 | E10: =IF($C10=0,"",SUMIFS('DEF_SELF_SCOUT_IMPORT'!$K$42:$K$1040,'DEF_SELF_SCOUT_IMPORT'!$L$42:$L$1040,"Y",'DEF_SELF_SCOUT_IMPORT'!$E$42:$E$1040,SUBSTITUTE(SUBSTITUTE(SUBSTITUTE($B10,"~","~~"),"*","~*"),"?","~?"),'DEF_SELF_SCOUT_IMPORT'!$Q$42:$Q$1040,SUBSTITUTE(SUBSTITUTE(SUBSTITUTE($M10,"~","~~"),"*","~*"),"?","~?"))/$C10) -> 0 | F10: =IF($C10=0,"",AVERAGEIFS('DEF_SELF_SCOUT_IMPORT'!$I$42:$I$1040,'DEF_SELF_SCOUT_IMPORT'!$L$42:$L$1040,"Y",'DEF_SELF_SCOUT_IMPORT'!$E$42:$E$1040,SUBSTITUTE(SUBSTITUTE(SUBSTITUTE($B10,"~","~~"),"*","~*"),"?","~?"),'DEF_SELF_SCOUT_IMPORT'!$Q$42:$Q$1040,SUBSTITUTE(SUBSTITUTE(SUBSTITUTE($M10,"~","~~"),"*","~*"),"?","~?"))) -> 1 | G10: =IF($C10=0,"",COUNTIFS('DEF_SELF_SCOUT_IMPORT'!$L$42:$L$1040,"Y",'DEF_SELF_SCOUT_IMPORT'!$E$42:$E$1040,SUBSTITUTE(SUBSTITUTE(SUBSTITUTE($B10,"~","~~"),"*","~*"),"?","~?"),'DEF_SELF_SCOUT_IMPORT'!$Q$42:$Q$1040,SUBSTITUTE(SUBSTITUTE(SUBSTITUTE($M10,"~","~~"),"*","~*"),"?","~?"),'DEF_SELF_SCOUT_IMPORT'!$H$42:$H$1040,"RUSH")/$C10) -> 0 | H10: =IF($C10=0,"",COUNTIFS('DEF_SELF_SCOUT_IMPORT'!$L$42:$L$1040,"Y",'DEF_SELF_SCOUT_IMPORT'!$E$42:$E$1040,SUBSTITUTE(SUBSTITUTE(SUBSTITUTE($B10,"~","~~"),"*","~*"),"?","~?"),'DEF_SELF_SCOUT_IMPORT'!$Q$42:$Q$1040,SUBSTITUTE(SUBSTITUTE(SUBSTITUTE($M10,"~","~~"),"*","~*"),"?","~?"),'DEF_SELF_SCOUT_IMPORT'!$H$42:$H$1040,"DROPBACK")/$C10) -> 0 | I10: =IF(C10=0,"",IF(C10<=2,"TRACK",IF(C10=3,"LOW",IF(C10<=6,"MEDIUM","HIGH")))) -> TRACK | J10: =IF(C10=0,"",ROUND(D10*70+(1-E10)*20+MAX(0,MIN(1,(10-F10)/10))*10,1)) -> 29 | K10: =IF(C10=0,"No Evidence",IF(C10<=2,IF(E10>0,"Explosive Alert","Track Only"),IF(C10=3,"Sample Watch",IF(E10>=START_HERE!$B$31,"Explosive Alert",IF(J10>=80,"Strong Candidate",IF(J10>=65,"Good Candidate",IF(J10>=50,"Mixed / Review","Problem Call"))))))) -> Track Only | L10: =IF(COUNTIFS('DEF_SELF_SCOUT_IMPORT'!$L$42:$L$1040,"Y",'DEF_SELF_SCOUT_IMPORT'!$E$42:$E$1040,SUBSTITUTE(SUBSTITUTE(SUBSTITUTE($B10,"~","~~"),"*","~*"),"?","~?"),'DEF_SELF_SCOUT_IMPORT'!$Q$42:$Q$1040,SUBSTITUTE(SUBSTITUTE(SUBSTITUTE($M10,"~","~~"),"*","~*"),"?","~?"),'DEF_SELF_SCOUT_IMPORT'!$J$42:$J$1040,"")>0,"Unscored clean outcome; review result tags before using score.",IF(C10=0,"No matching defensive reps; film confirmation needed.",IF(K10="Explosive Alert","Explosive risk; review clips before using as answer.",IF(C10<=2,"Track only; not enough sample.",IF(C10=3,IF(E10>0,"Sample watch with explosive exposure; review clips and build the sample.",IF(J10>=65,"Good signal, but sample is limited.","Sample watch; review clips and build the sample.")),IF(K10="Problem Call","Problem area; practice or call-sheet review.",IF(K10="Strong Candidate","Strong call-fit candidate; confirm on film.",IF(K10="Good Candidate","Good call-fit signal; confirm on film.","Mixed signal; review fit and execution on film.")))))))) -> Track only; not enough sample. | M10: 1D 1-3 | R10: Sample Watch • Defensive context signal | S10: 6:1D 1-3| | T10: =IF(C10=0,0,IF(C10>=CALL_LOOKUP_BOARD!$B$7,IF(OR(K10="Problem Call",K10="Explosive Alert"),10000000,20000000),0)+IF(C10>=CALL_LOOKUP_BOARD!$B$7,J10*1000+MIN(C10,999),C10*1000+J10)+0.00999900) -> 1029.01 | U10: =IF(C10=0,"",IF(COUNTIFS($S$10:$S$178,SUBSTITUTE(SUBSTITUTE(SUBSTITUTE(S10,"~","~~"),"*","~*"),"?","~?"),$T$10:$T$178,">"&T10)=0,S10,""))
A11: 1D 1-3 | B11: GOLD | C11: =COUNTIFS('DEF_SELF_SCOUT_IMPORT'!$L$42:$L$1040,"Y",'DEF_SELF_SCOUT_IMPORT'!$E$42:$E$1040,SUBSTITUTE(SUBSTITUTE(SUBSTITUTE($B11,"~","~~"),"*","~*"),"?","~?"),'DEF_SELF_SCOUT_IMPORT'!$Q$42:$Q$1040,SUBSTITUTE(SUBSTITUTE(SUBSTITUTE($M11,"~","~~"),"*","~*"),"?","~?")) -> 2 | D11: =IF($C11=0,"",SUMIFS('DEF_SELF_SCOUT_IMPORT'!$J$42:$J$1040,'DEF_SELF_SCOUT_IMPORT'!$L$42:$L$1040,"Y",'DEF_SELF_SCOUT_IMPORT'!$E$42:$E$1040,SUBSTITUTE(SUBSTITUTE(SUBSTITUTE($B11,"~","~~"),"*","~*"),"?","~?"),'DEF_SELF_SCOUT_IMPORT'!$Q$42:$Q$1040,SUBSTITUTE(SUBSTITUTE(SUBSTITUTE($M11,"~","~~"),"*","~*"),"?","~?"))/$C11) -> 1 | E11: =IF($C11=0,"",SUMIFS('DEF_SELF_SCOUT_IMPORT'!$K$42:$K$1040,'DEF_SELF_SCOUT_IMPORT'!$L$42:$L$1040,"Y",'DEF_SELF_SCOUT_IMPORT'!$E$42:$E$1040,SUBSTITUTE(SUBSTITUTE(SUBSTITUTE($B11,"~","~~"),"*","~*"),"?","~?"),'DEF_SELF_SCOUT_IMPORT'!$Q$42:$Q$1040,SUBSTITUTE(SUBSTITUTE(SUBSTITUTE($M11,"~","~~"),"*","~*"),"?","~?"))/$C11) -> 0 | F11: =IF($C11=0,"",AVERAGEIFS('DEF_SELF_SCOUT_IMPORT'!$I$42:$I$1040,'DEF_SELF_SCOUT_IMPORT'!$L$42:$L$1040,"Y",'DEF_SELF_SCOUT_IMPORT'!$E$42:$E$1040,SUBSTITUTE(SUBSTITUTE(SUBSTITUTE($B11,"~","~~"),"*","~*"),"?","~?"),'DEF_SELF_SCOUT_IMPORT'!$Q$42:$Q$1040,SUBSTITUTE(SUBSTITUTE(SUBSTITUTE($M11,"~","~~"),"*","~*"),"?","~?"))) -> 1.5 | G11: =IF($C11=0,"",COUNTIFS('DEF_SELF_SCOUT_IMPORT'!$L$42:$L$1040,"Y",'DEF_SELF_SCOUT_IMPORT'!$E$42:$E$1040,SUBSTITUTE(SUBSTITUTE(SUBSTITUTE($B11,"~","~~"),"*","~*"),"?","~?"),'DEF_SELF_SCOUT_IMPORT'!$Q$42:$Q$1040,SUBSTITUTE(SUBSTITUTE(SUBSTITUTE($M11,"~","~~"),"*","~*"),"?","~?"),'DEF_SELF_SCOUT_IMPORT'!$H$42:$H$1040,"RUSH")/$C11) -> 1 | H11: =IF($C11=0,"",COUNTIFS('DEF_SELF_SCOUT_IMPORT'!$L$42:$L$1040,"Y",'DEF_SELF_SCOUT_IMPORT'!$E$42:$E$1040,SUBSTITUTE(SUBSTITUTE(SUBSTITUTE($B11,"~","~~"),"*","~*"),"?","~?"),'DEF_SELF_SCOUT_IMPORT'!$Q$42:$Q$1040,SUBSTITUTE(SUBSTITUTE(SUBSTITUTE($M11,"~","~~"),"*","~*"),"?","~?"),'DEF_SELF_SCOUT_IMPORT'!$H$42:$H$1040,"DROPBACK")/$C11) -> 0 | I11: =IF(C11=0,"",IF(C11<=2,"TRACK",IF(C11=3,"LOW",IF(C11<=6,"MEDIUM","HIGH")))) -> TRACK | J11: =IF(C11=0,"",ROUND(D11*70+(1-E11)*20+MAX(0,MIN(1,(10-F11)/10))*10,1)) -> 98.5 | K11: =IF(C11=0,"No Evidence",IF(C11<=2,IF(E11>0,"Explosive Alert","Track Only"),IF(C11=3,"Sample Watch",IF(E11>=START_HERE!$B$31,"Explosive Alert",IF(J11>=80,"Strong Candidate",IF(J11>=65,"Good Candidate",IF(J11>=50,"Mixed / Review","Problem Call"))))))) -> Track Only | L11: =IF(COUNTIFS('DEF_SELF_SCOUT_IMPORT'!$L$42:$L$1040,"Y",'DEF_SELF_SCOUT_IMPORT'!$E$42:$E$1040,SUBSTITUTE(SUBSTITUTE(SUBSTITUTE($B11,"~","~~"),"*","~*"),"?","~?"),'DEF_SELF_SCOUT_IMPORT'!$Q$42:$Q$1040,SUBSTITUTE(SUBSTITUTE(SUBSTITUTE($M11,"~","~~"),"*","~*"),"?","~?"),'DEF_SELF_SCOUT_IMPORT'!$J$42:$J$1040,"")>0,"Unscored clean outcome; review result tags before using score.",IF(C11=0,"No matching defensive reps; film confirmation needed.",IF(K11="Explosive Alert","Explosive risk; review clips before using as answer.",IF(C11<=2,"Track only; not enough sample.",IF(C11=3,IF(E11>0,"Sample watch with explosive exposure; review clips and build the sample.",IF(J11>=65,"Good signal, but sample is limited.","Sample watch; review clips and build the sample.")),IF(K11="Problem Call","Problem area; practice or call-sheet review.",IF(K11="Strong Candidate","Strong call-fit candidate; confirm on film.",IF(K11="Good Candidate","Good call-fit signal; confirm on film.","Mixed signal; review fit and execution on film.")))))))) -> Track only; not enough sample. | M11: 1D 1-3 | R11: Sample Watch • Defensive context signal | S11: 6:1D 1-3| | T11: =IF(C11=0,0,IF(C11>=CALL_LOOKUP_BOARD!$B$7,IF(OR(K11="Problem Call",K11="Explosive Alert"),10000000,20000000),0)+IF(C11>=CALL_LOOKUP_BOARD!$B$7,J11*1000+MIN(C11,999),C11*1000+J11)+0.00999800) -> 2098.51 | U11: =IF(C11=0,"",IF(COUNTIFS($S$10:$S$178,SUBSTITUTE(SUBSTITUTE(SUBSTITUTE(S11,"~","~~"),"*","~*"),"?","~?"),$T$10:$T$178,">"&T11)=0,S11,"")) -> 6:1D 1-3|
A12: 1D 11+ | B12: BOOGIE | C12: =COUNTIFS('DEF_SELF_SCOUT_IMPORT'!$L$42:$L$1040,"Y",'DEF_SELF_SCOUT_IMPORT'!$E$42:$E$1040,SUBSTITUTE(SUBSTITUTE(SUBSTITUTE($B12,"~","~~"),"*","~*"),"?","~?"),'DEF_SELF_SCOUT_IMPORT'!$Q$42:$Q$1040,SUBSTITUTE(SUBSTITUTE(SUBSTITUTE($M12,"~","~~"),"*","~*"),"?","~?")) -> 1 | D12: =IF($C12=0,"",SUMIFS('DEF_SELF_SCOUT_IMPORT'!$J$42:$J$1040,'DEF_SELF_SCOUT_IMPORT'!$L$42:$L$1040,"Y",'DEF_SELF_SCOUT_IMPORT'!$E$42:$E$1040,SUBSTITUTE(SUBSTITUTE(SUBSTITUTE($B12,"~","~~"),"*","~*"),"?","~?"),'DEF_SELF_SCOUT_IMPORT'!$Q$42:$Q$1040,SUBSTITUTE(SUBSTITUTE(SUBSTITUTE($M12,"~","~~"),"*","~*"),"?","~?"))/$C12) -> 1 | E12: =IF($C12=0,"",SUMIFS('DEF_SELF_SCOUT_IMPORT'!$K$42:$K$1040,'DEF_SELF_SCOUT_IMPORT'!$L$42:$L$1040,"Y",'DEF_SELF_SCOUT_IMPORT'!$E$42:$E$1040,SUBSTITUTE(SUBSTITUTE(SUBSTITUTE($B12,"~","~~"),"*","~*"),"?","~?"),'DEF_SELF_SCOUT_IMPORT'!$Q$42:$Q$1040,SUBSTITUTE(SUBSTITUTE(SUBSTITUTE($M12,"~","~~"),"*","~*"),"?","~?"))/$C12) -> 0 | F12: =IF($C12=0,"",AVERAGEIFS('DEF_SELF_SCOUT_IMPORT'!$I$42:$I$1040,'DEF_SELF_SCOUT_IMPORT'!$L$42:$L$1040,"Y",'DEF_SELF_SCOUT_IMPORT'!$E$42:$E$1040,SUBSTITUTE(SUBSTITUTE(SUBSTITUTE($B12,"~","~~"),"*","~*"),"?","~?"),'DEF_SELF_SCOUT_IMPORT'!$Q$42:$Q$1040,SUBSTITUTE(SUBSTITUTE(SUBSTITUTE($M12,"~","~~"),"*","~*"),"?","~?"))) -> 2 | G12: =IF($C12=0,"",COUNTIFS('DEF_SELF_SCOUT_IMPORT'!$L$42:$L$1040,"Y",'DEF_SELF_SCOUT_IMPORT'!$E$42:$E$1040,SUBSTITUTE(SUBSTITUTE(SUBSTITUTE($B12,"~","~~"),"*","~*"),"?","~?"),'DEF_SELF_SCOUT_IMPORT'!$Q$42:$Q$1040,SUBSTITUTE(SUBSTITUTE(SUBSTITUTE($M12,"~","~~"),"*","~*"),"?","~?"),'DEF_SELF_SCOUT_IMPORT'!$H$42:$H$1040,"RUSH")/$C12) -> 1 | H12: =IF($C12=0,"",COUNTIFS('DEF_SELF_SCOUT_IMPORT'!$L$42:$L$1040,"Y",'DEF_SELF_SCOUT_IMPORT'!$E$42:$E$1040,SUBSTITUTE(SUBSTITUTE(SUBSTITUTE($B12,"~","~~"),"*","~*"),"?","~?"),'DEF_SELF_SCOUT_IMPORT'!$Q$42:$Q$1040,SUBSTITUTE(SUBSTITUTE(SUBSTITUTE($M12,"~","~~"),"*","~*"),"?","~?"),'DEF_SELF_SCOUT_IMPORT'!$H$42:$H$1040,"DROPBACK")/$C12) -> 0 | I12: =IF(C12=0,"",IF(C12<=2,"TRACK",IF(C12=3,"LOW",IF(C12<=6,"MEDIUM","HIGH")))) -> TRACK | J12: =IF(C12=0,"",ROUND(D12*70+(1-E12)*20+MAX(0,MIN(1,(10-F12)/10))*10,1)) -> 98 | K12: =IF(C12=0,"No Evidence",IF(C12<=2,IF(E12>0,"Explosive Alert","Track Only"),IF(C12=3,"Sample Watch",IF(E12>=START_HERE!$B$31,"Explosive Alert",IF(J12>=80,"Strong Candidate",IF(J12>=65,"Good Candidate",IF(J12>=50,"Mixed / Review","Problem Call"))))))) -> Track Only | L12: =IF(COUNTIFS('DEF_SELF_SCOUT_IMPORT'!$L$42:$L$1040,"Y",'DEF_SELF_SCOUT_IMPORT'!$E$42:$E$1040,SUBSTITUTE(SUBSTITUTE(SUBSTITUTE($B12,"~","~~"),"*","~*"),"?","~?"),'DEF_SELF_SCOUT_IMPORT'!$Q$42:$Q$1040,SUBSTITUTE(SUBSTITUTE(SUBSTITUTE($M12,"~","~~"),"*","~*"),"?","~?"),'DEF_SELF_SCOUT_IMPORT'!$J$42:$J$1040,"")>0,"Unscored clean outcome; review result tags before using score.",IF(C12=0,"No matching defensive reps; film confirmation needed.",IF(K12="Explosive Alert","Explosive risk; review clips before using as answer.",IF(C12<=2,"Track only; not enough sample.",IF(C12=3,IF(E12>0,"Sample watch with explosive exposure; review clips and build the sample.",IF(J12>=65,"Good signal, but sample is limited.","Sample watch; review clips and build the sample.")),IF(K12="Problem Call","Problem area; practice or call-sheet review.",IF(K12="Strong Candidate","Strong call-fit candidate; confirm on film.",IF(K12="Good Candidate","Good call-fit signal; confirm on film.","Mixed signal; review fit and execution on film.")))))))) -> Track only; not enough sample. | M12: 1D 11+ | R12: Sample Watch • Defensive context signal | S12: 6:1D 11+| | T12: =IF(C12=0,0,IF(C12>=CALL_LOOKUP_BOARD!$B$7,IF(OR(K12="Problem Call",K12="Explosive Alert"),10000000,20000000),0)+IF(C12>=CALL_LOOKUP_BOARD!$B$7,J12*1000+MIN(C12,999),C12*1000+J12)+0.00999700) -> 1098.01 | U12: =IF(C12=0,"",IF(COUNTIFS($S$10:$S$178,SUBSTITUTE(SUBSTITUTE(SUBSTITUTE(S12,"~","~~"),"*","~*"),"?","~?"),$T$10:$T$178,">"&T12)=0,S12,"")) -> 6:1D 11+|
A13: 1D 11+ | B13: FALCON | C13: =COUNTIFS('DEF_SELF_SCOUT_IMPORT'!$L$42:$L$1040,"Y",'DEF_SELF_SCOUT_IMPORT'!$E$42:$E$1040,SUBSTITUTE(SUBSTITUTE(SUBSTITUTE($B13,"~","~~"),"*","~*"),"?","~?"),'DEF_SELF_SCOUT_IMPORT'!$Q$42:$Q$1040,SUBSTITUTE(SUBSTITUTE(SUBSTITUTE($M13,"~","~~"),"*","~*"),"?","~?")) -> 1 | D13: =IF($C13=0,"",SUMIFS('DEF_SELF_SCOUT_IMPORT'!$J$42:$J$1040,'DEF_SELF_SCOUT_IMPORT'!$L$42:$L$1040,"Y",'DEF_SELF_SCOUT_IMPORT'!$E$42:$E$1040,SUBSTITUTE(SUBSTITUTE(SUBSTITUTE($B13,"~","~~"),"*","~*"),"?","~?"),'DEF_SELF_SCOUT_IMPORT'!$Q$42:$Q$1040,SUBSTITUTE(SUBSTITUTE(SUBSTITUTE($M13,"~","~~"),"*","~*"),"?","~?"))/$C13) -> 1 | E13: =IF($C13=0,"",SUMIFS('DEF_SELF_SCOUT_IMPORT'!$K$42:$K$1040,'DEF_SELF_SCOUT_IMPORT'!$L$42:$L$1040,"Y",'DEF_SELF_SCOUT_IMPORT'!$E$42:$E$1040,SUBSTITUTE(SUBSTITUTE(SUBSTITUTE($B13,"~","~~"),"*","~*"),"?","~?"),'DEF_SELF_SCOUT_IMPORT'!$Q$42:$Q$1040,SUBSTITUTE(SUBSTITUTE(SUBSTITUTE($M13,"~","~~"),"*","~*"),"?","~?"))/$C13) -> 0 | F13: =IF($C13=0,"",AVERAGEIFS('DEF_SELF_SCOUT_IMPORT'!$I$42:$I$1040,'DEF_SELF_SCOUT_IMPORT'!$L$42:$L$1040,"Y",'DEF_SELF_SCOUT_IMPORT'!$E$42:$E$1040,SUBSTITUTE(SUBSTITUTE(SUBSTITUTE($B13,"~","~~"),"*","~*"),"?","~?"),'DEF_SELF_SCOUT_IMPORT'!$Q$42:$Q$1040,SUBSTITUTE(SUBSTITUTE(SUBSTITUTE($M13,"~","~~"),"*","~*"),"?","~?"))) -> 3 | G13: =IF($C13=0,"",COUNTIFS('DEF_SELF_SCOUT_IMPORT'!$L$42:$L$1040,"Y",'DEF_SELF_SCOUT_IMPORT'!$E$42:$E$1040,SUBSTITUTE(SUBSTITUTE(SUBSTITUTE($B13,"~","~~"),"*","~*"),"?","~?"),'DEF_SELF_SCOUT_IMPORT'!$Q$42:$Q$1040,SUBSTITUTE(SUBSTITUTE(SUBSTITUTE($M13,"~","~~"),"*","~*"),"?","~?"),'DEF_SELF_SCOUT_IMPORT'!$H$42:$H$1040,"RUSH")/$C13) -> 1 | H13: =IF($C13=0,"",COUNTIFS('DEF_SELF_SCOUT_IMPORT'!$L$42:$L$1040,"Y",'DEF_SELF_SCOUT_IMPORT'!$E$42:$E$1040,SUBSTITUTE(SUBSTITUTE(SUBSTITUTE($B13,"~","~~"),"*","~*"),"?","~?"),'DEF_SELF_SCOUT_IMPORT'!$Q$42:$Q$1040,SUBSTITUTE(SUBSTITUTE(SUBSTITUTE($M13,"~","~~"),"*","~*"),"?","~?"),'DEF_SELF_SCOUT_IMPORT'!$H$42:$H$1040,"DROPBACK")/$C13) -> 0 | I13: =IF(C13=0,"",IF(C13<=2,"TRACK",IF(C13=3,"LOW",IF(C13<=6,"MEDIUM","HIGH")))) -> TRACK | J13: =IF(C13=0,"",ROUND(D13*70+(1-E13)*20+MAX(0,MIN(1,(10-F13)/10))*10,1)) -> 97 | K13: =IF(C13=0,"No Evidence",IF(C13<=2,IF(E13>0,"Explosive Alert","Track Only"),IF(C13=3,"Sample Watch",IF(E13>=START_HERE!$B$31,"Explosive Alert",IF(J13>=80,"Strong Candidate",IF(J13>=65,"Good Candidate",IF(J13>=50,"Mixed / Review","Problem Call"))))))) -> Track Only | L13: =IF(COUNTIFS('DEF_SELF_SCOUT_IMPORT'!$L$42:$L$1040,"Y",'DEF_SELF_SCOUT_IMPORT'!$E$42:$E$1040,SUBSTITUTE(SUBSTITUTE(SUBSTITUTE($B13,"~","~~"),"*","~*"),"?","~?"),'DEF_SELF_SCOUT_IMPORT'!$Q$42:$Q$1040,SUBSTITUTE(SUBSTITUTE(SUBSTITUTE($M13,"~","~~"),"*","~*"),"?","~?"),'DEF_SELF_SCOUT_IMPORT'!$J$42:$J$1040,"")>0,"Unscored clean outcome; review result tags before using score.",IF(C13=0,"No matching defensive reps; film confirmation needed.",IF(K13="Explosive Alert","Explosive risk; review clips before using as answer.",IF(C13<=2,"Track only; not enough sample.",IF(C13=3,IF(E13>0,"Sample watch with explosive exposure; review clips and build the sample.",IF(J13>=65,"Good signal, but sample is limited.","Sample watch; review clips and build the sample.")),IF(K13="Problem Call","Problem area; practice or call-sheet review.",IF(K13="Strong Candidate","Strong call-fit candidate; confirm on film.",IF(K13="Good Candidate","Good call-fit signal; confirm on film.","Mixed signal; review fit and execution on film.")))))))) -> Track only; not enough sample. | M13: 1D 11+ | R13: Sample Watch • Defensive context signal | S13: 6:1D 11+| | T13: =IF(C13=0,0,IF(C13>=CALL_LOOKUP_BOARD!$B$7,IF(OR(K13="Problem Call",K13="Explosive Alert"),10000000,20000000),0)+IF(C13>=CALL_LOOKUP_BOARD!$B$7,J13*1000+MIN(C13,999),C13*1000+J13)+0.00999600) -> 1097.01 | U13: =IF(C13=0,"",IF(COUNTIFS($S$10:$S$178,SUBSTITUTE(SUBSTITUTE(SUBSTITUTE(S13,"~","~~"),"*","~*"),"?","~?"),$T$10:$T$178,">"&T13)=0,S13,""))
A14: 1D 11+ | B14: RAMBO | C14: =COUNTIFS('DEF_SELF_SCOUT_IMPORT'!$L$42:$L$1040,"Y",'DEF_SELF_SCOUT_IMPORT'!$E$42:$E$1040,SUBSTITUTE(SUBSTITUTE(SUBSTITUTE($B14,"~","~~"),"*","~*"),"?","~?"),'DEF_SELF_SCOUT_IMPORT'!$Q$42:$Q$1040,SUBSTITUTE(SUBSTITUTE(SUBSTITUTE($M14,"~","~~"),"*","~*"),"?","~?")) -> 1 | D14: =IF($C14=0,"",SUMIFS('DEF_SELF_SCOUT_IMPORT'!$J$42:$J$1040,'DEF_SELF_SCOUT_IMPORT'!$L$42:$L$1040,"Y",'DEF_SELF_SCOUT_IMPORT'!$E$42:$E$1040,SUBSTITUTE(SUBSTITUTE(SUBSTITUTE($B14,"~","~~"),"*","~*"),"?","~?"),'DEF_SELF_SCOUT_IMPORT'!$Q$42:$Q$1040,SUBSTITUTE(SUBSTITUTE(SUBSTITUTE($M14,"~","~~"),"*","~*"),"?","~?"))/$C14) -> 0 | E14: =IF($C14=0,"",SUMIFS('DEF_SELF_SCOUT_IMPORT'!$K$42:$K$1040,'DEF_SELF_SCOUT_IMPORT'!$L$42:$L$1040,"Y",'DEF_SELF_SCOUT_IMPORT'!$E$42:$E$1040,SUBSTITUTE(SUBSTITUTE(SUBSTITUTE($B14,"~","~~"),"*","~*"),"?","~?"),'DEF_SELF_SCOUT_IMPORT'!$Q$42:$Q$1040,SUBSTITUTE(SUBSTITUTE(SUBSTITUTE($M14,"~","~~"),"*","~*"),"?","~?"))/$C14) -> 0 | F14: =IF($C14=0,"",AVERAGEIFS('DEF_SELF_SCOUT_IMPORT'!$I$42:$I$1040,'DEF_SELF_SCOUT_IMPORT'!$L$42:$L$1040,"Y",'DEF_SELF_SCOUT_IMPORT'!$E$42:$E$1040,SUBSTITUTE(SUBSTITUTE(SUBSTITUTE($B14,"~","~~"),"*","~*"),"?","~?"),'DEF_SELF_SCOUT_IMPORT'!$Q$42:$Q$1040,SUBSTITUTE(SUBSTITUTE(SUBSTITUTE($M14,"~","~~"),"*","~*"),"?","~?"))) -> 9 | G14: =IF($C14=0,"",COUNTIFS('DEF_SELF_SCOUT_IMPORT'!$L$42:$L$1040,"Y",'DEF_SELF_SCOUT_IMPORT'!$E$42:$E$1040,SUBSTITUTE(SUBSTITUTE(SUBSTITUTE($B14,"~","~~"),"*","~*"),"?","~?"),'DEF_SELF_SCOUT_IMPORT'!$Q$42:$Q$1040,SUBSTITUTE(SUBSTITUTE(SUBSTITUTE($M14,"~","~~"),"*","~*"),"?","~?"),'DEF_SELF_SCOUT_IMPORT'!$H$42:$H$1040,"RUSH")/$C14) -> 1 | H14: =IF($C14=0,"",COUNTIFS('DEF_SELF_SCOUT_IMPORT'!$L$42:$L$1040,"Y",'DEF_SELF_SCOUT_IMPORT'!$E$42:$E$1040,SUBSTITUTE(SUBSTITUTE(SUBSTITUTE($B14,"~","~~"),"*","~*"),"?","~?"),'DEF_SELF_SCOUT_IMPORT'!$Q$42:$Q$1040,SUBSTITUTE(SUBSTITUTE(SUBSTITUTE($M14,"~","~~"),"*","~*"),"?","~?"),'DEF_SELF_SCOUT_IMPORT'!$H$42:$H$1040,"DROPBACK")/$C14) -> 0 | I14: =IF(C14=0,"",IF(C14<=2,"TRACK",IF(C14=3,"LOW",IF(C14<=6,"MEDIUM","HIGH")))) -> TRACK | J14: =IF(C14=0,"",ROUND(D14*70+(1-E14)*20+MAX(0,MIN(1,(10-F14)/10))*10,1)) -> 21 | K14: =IF(C14=0,"No Evidence",IF(C14<=2,IF(E14>0,"Explosive Alert","Track Only"),IF(C14=3,"Sample Watch",IF(E14>=START_HERE!$B$31,"Explosive Alert",IF(J14>=80,"Strong Candidate",IF(J14>=65,"Good Candidate",IF(J14>=50,"Mixed / Review","Problem Call"))))))) -> Track Only | L14: =IF(COUNTIFS('DEF_SELF_SCOUT_IMPORT'!$L$42:$L$1040,"Y",'DEF_SELF_SCOUT_IMPORT'!$E$42:$E$1040,SUBSTITUTE(SUBSTITUTE(SUBSTITUTE($B14,"~","~~"),"*","~*"),"?","~?"),'DEF_SELF_SCOUT_IMPORT'!$Q$42:$Q$1040,SUBSTITUTE(SUBSTITUTE(SUBSTITUTE($M14,"~","~~"),"*","~*"),"?","~?"),'DEF_SELF_SCOUT_IMPORT'!$J$42:$J$1040,"")>0,"Unscored clean outcome; review result tags before using score.",IF(C14=0,"No matching defensive reps; film confirmation needed.",IF(K14="Explosive Alert","Explosive risk; review clips before using as answer.",IF(C14<=2,"Track only; not enough sample.",IF(C14=3,IF(E14>0,"Sample watch with explosive exposure; review clips and build the sample.",IF(J14>=65,"Good signal, but sample is limited.","Sample watch; review clips and build the sample.")),IF(K14="Problem Call","Problem area; practice or call-sheet review.",IF(K14="Strong Candidate","Strong call-fit candidate; confirm on film.",IF(K14="Good Candidate","Good call-fit signal; confirm on film.","Mixed signal; review fit and execution on film.")))))))) -> Track only; not enough sample. | M14: 1D 11+ | R14: Sample Watch • Defensive context signal | S14: 6:1D 11+| | T14: =IF(C14=0,0,IF(C14>=CALL_LOOKUP_BOARD!$B$7,IF(OR(K14="Problem Call",K14="Explosive Alert"),10000000,20000000),0)+IF(C14>=CALL_LOOKUP_BOARD!$B$7,J14*1000+MIN(C14,999),C14*1000+J14)+0.00999500) -> 1021.01 | U14: =IF(C14=0,"",IF(COUNTIFS($S$10:$S$178,SUBSTITUTE(SUBSTITUTE(SUBSTITUTE(S14,"~","~~"),"*","~*"),"?","~?"),$T$10:$T$178,">"&T14)=0,S14,""))
A15: 1D 4-6 | B15: 9 LEBO MIKE | C15: =COUNTIFS('DEF_SELF_SCOUT_IMPORT'!$L$42:$L$1040,"Y",'DEF_SELF_SCOUT_IMPORT'!$E$42:$E$1040,SUBSTITUTE(SUBSTITUTE(SUBSTITUTE($B15,"~","~~"),"*","~*"),"?","~?"),'DEF_SELF_SCOUT_IMPORT'!$Q$42:$Q$1040,SUBSTITUTE(SUBSTITUTE(SUBSTITUTE($M15,"~","~~"),"*","~*"),"?","~?")) -> 1 | D15: =IF($C15=0,"",SUMIFS('DEF_SELF_SCOUT_IMPORT'!$J$42:$J$1040,'DEF_SELF_SCOUT_IMPORT'!$L$42:$L$1040,"Y",'DEF_SELF_SCOUT_IMPORT'!$E$42:$E$1040,SUBSTITUTE(SUBSTITUTE(SUBSTITUTE($B15,"~","~~"),"*","~*"),"?","~?"),'DEF_SELF_SCOUT_IMPORT'!$Q$42:$Q$1040,SUBSTITUTE(SUBSTITUTE(SUBSTITUTE($M15,"~","~~"),"*","~*"),"?","~?"))/$C15) -> 0 | E15: =IF($C15=0,"",SUMIFS('DEF_SELF_SCOUT_IMPORT'!$K$42:$K$1040,'DEF_SELF_SCOUT_IMPORT'!$L$42:$L$1040,"Y",'DEF_SELF_SCOUT_IMPORT'!$E$42:$E$1040,SUBSTITUTE(SUBSTITUTE(SUBSTITUTE($B15,"~","~~"),"*","~*"),"?","~?"),'DEF_SELF_SCOUT_IMPORT'!$Q$42:$Q$1040,SUBSTITUTE(SUBSTITUTE(SUBSTITUTE($M15,"~","~~"),"*","~*"),"?","~?"))/$C15) -> 0 | F15: =IF($C15=0,"",AVERAGEIFS('DEF_SELF_SCOUT_IMPORT'!$I$42:$I$1040,'DEF_SELF_SCOUT_IMPORT'!$L$42:$L$1040,"Y",'DEF_SELF_SCOUT_IMPORT'!$E$42:$E$1040,SUBSTITUTE(SUBSTITUTE(SUBSTITUTE($B15,"~","~~"),"*","~*"),"?","~?"),'DEF_SELF_SCOUT_IMPORT'!$Q$42:$Q$1040,SUBSTITUTE(SUBSTITUTE(SUBSTITUTE($M15,"~","~~"),"*","~*"),"?","~?"))) -> 5 | G15: =IF($C15=0,"",COUNTIFS('DEF_SELF_SCOUT_IMPORT'!$L$42:$L$1040,"Y",'DEF_SELF_SCOUT_IMPORT'!$E$42:$E$1040,SUBSTITUTE(SUBSTITUTE(SUBSTITUTE($B15,"~","~~"),"*","~*"),"?","~?"),'DEF_SELF_SCOUT_IMPORT'!$Q$42:$Q$1040,SUBSTITUTE(SUBSTITUTE(SUBSTITUTE($M15,"~","~~"),"*","~*"),"?","~?"),'DEF_SELF_SCOUT_IMPORT'!$H$42:$H$1040,"RUSH")/$C15) -> 0 | H15: =IF($C15=0,"",COUNTIFS('DEF_SELF_SCOUT_IMPORT'!$L$42:$L$1040,"Y",'DEF_SELF_SCOUT_IMPORT'!$E$42:$E$1040,SUBSTITUTE(SUBSTITUTE(SUBSTITUTE($B15,"~","~~"),"*","~*"),"?","~?"),'DEF_SELF_SCOUT_IMPORT'!$Q$42:$Q$1040,SUBSTITUTE(SUBSTITUTE(SUBSTITUTE($M15,"~","~~"),"*","~*"),"?","~?"),'DEF_SELF_SCOUT_IMPORT'!$H$42:$H$1040,"DROPBACK")/$C15) -> 0 | I15: =IF(C15=0,"",IF(C15<=2,"TRACK",IF(C15=3,"LOW",IF(C15<=6,"MEDIUM","HIGH")))) -> TRACK | J15: =IF(C15=0,"",ROUND(D15*70+(1-E15)*20+MAX(0,MIN(1,(10-F15)/10))*10,1)) -> 25 | K15: =IF(C15=0,"No Evidence",IF(C15<=2,IF(E15>0,"Explosive Alert","Track Only"),IF(C15=3,"Sample Watch",IF(E15>=START_HERE!$B$31,"Explosive Alert",IF(J15>=80,"Strong Candidate",IF(J15>=65,"Good Candidate",IF(J15>=50,"Mixed / Review","Problem Call"))))))) -> Track Only | L15: =IF(COUNTIFS('DEF_SELF_SCOUT_IMPORT'!$L$42:$L$1040,"Y",'DEF_SELF_SCOUT_IMPORT'!$E$42:$E$1040,SUBSTITUTE(SUBSTITUTE(SUBSTITUTE($B15,"~","~~"),"*","~*"),"?","~?"),'DEF_SELF_SCOUT_IMPORT'!$Q$42:$Q$1040,SUBSTITUTE(SUBSTITUTE(SUBSTITUTE($M15,"~","~~"),"*","~*"),"?","~?"),'DEF_SELF_SCOUT_IMPORT'!$J$42:$J$1040,"")>0,"Unscored clean outcome; review result tags before using score.",IF(C15=0,"No matching defensive reps; film confirmation needed.",IF(K15="Explosive Alert","Explosive risk; review clips before using as answer.",IF(C15<=2,"Track only; not enough sample.",IF(C15=3,IF(E15>0,"Sample watch with explosive exposure; review clips and build the sample.",IF(J15>=65,"Good signal, but sample is limited.","Sample watch; review clips and build the sample.")),IF(K15="Problem Call","Problem area; practice or call-sheet review.",IF(K15="Strong Candidate","Strong call-fit candidate; confirm on film.",IF(K15="Good Candidate","Good call-fit signal; confirm on film.","Mixed signal; review fit and execution on film.")))))))) -> Track only; not enough sample. | M15: 1D 4-6 | R15: Sample Watch • Defensive context signal | S15: 6:1D 4-6| | T15: =IF(C15=0,0,IF(C15>=CALL_LOOKUP_BOARD!$B$7,IF(OR(K15="Problem Call",K15="Explosive Alert"),10000000,20000000),0)+IF(C15>=CALL_LOOKUP_BOARD!$B$7,J15*1000+MIN(C15,999),C15*1000+J15)+0.00999400) -> 1025.01 | U15: =IF(C15=0,"",IF(COUNTIFS($S$10:$S$178,SUBSTITUTE(SUBSTITUTE(SUBSTITUTE(S15,"~","~~"),"*","~*"),"?","~?"),$T$10:$T$178,">"&T15)=0,S15,""))
A16: 1D 4-6 | B16: RAMBO | C16: =COUNTIFS('DEF_SELF_SCOUT_IMPORT'!$L$42:$L$1040,"Y",'DEF_SELF_SCOUT_IMPORT'!$E$42:$E$1040,SUBSTITUTE(SUBSTITUTE(SUBSTITUTE($B16,"~","~~"),"*","~*"),"?","~?"),'DEF_SELF_SCOUT_IMPORT'!$Q$42:$Q$1040,SUBSTITUTE(SUBSTITUTE(SUBSTITUTE($M16,"~","~~"),"*","~*"),"?","~?")) -> 1 | D16: =IF($C16=0,"",SUMIFS('DEF_SELF_SCOUT_IMPORT'!$J$42:$J$1040,'DEF_SELF_SCOUT_IMPORT'!$L$42:$L$1040,"Y",'DEF_SELF_SCOUT_IMPORT'!$E$42:$E$1040,SUBSTITUTE(SUBSTITUTE(SUBSTITUTE($B16,"~","~~"),"*","~*"),"?","~?"),'DEF_SELF_SCOUT_IMPORT'!$Q$42:$Q$1040,SUBSTITUTE(SUBSTITUTE(SUBSTITUTE($M16,"~","~~"),"*","~*"),"?","~?"))/$C16) -> 1 | E16: =IF($C16=0,"",SUMIFS('DEF_SELF_SCOUT_IMPORT'!$K$42:$K$1040,'DEF_SELF_SCOUT_IMPORT'!$L$42:$L$1040,"Y",'DEF_SELF_SCOUT_IMPORT'!$E$42:$E$1040,SUBSTITUTE(SUBSTITUTE(SUBSTITUTE($B16,"~","~~"),"*","~*"),"?","~?"),'DEF_SELF_SCOUT_IMPORT'!$Q$42:$Q$1040,SUBSTITUTE(SUBSTITUTE(SUBSTITUTE($M16,"~","~~"),"*","~*"),"?","~?"))/$C16) -> 0 | F16: =IF($C16=0,"",AVERAGEIFS('DEF_SELF_SCOUT_IMPORT'!$I$42:$I$1040,'DEF_SELF_SCOUT_IMPORT'!$L$42:$L$1040,"Y",'DEF_SELF_SCOUT_IMPORT'!$E$42:$E$1040,SUBSTITUTE(SUBSTITUTE(SUBSTITUTE($B16,"~","~~"),"*","~*"),"?","~?"),'DEF_SELF_SCOUT_IMPORT'!$Q$42:$Q$1040,SUBSTITUTE(SUBSTITUTE(SUBSTITUTE($M16,"~","~~"),"*","~*"),"?","~?"))) -> 5 | G16: =IF($C16=0,"",COUNTIFS('DEF_SELF_SCOUT_IMPORT'!$L$42:$L$1040,"Y",'DEF_SELF_SCOUT_IMPORT'!$E$42:$E$1040,SUBSTITUTE(SUBSTITUTE(SUBSTITUTE($B16,"~","~~"),"*","~*"),"?","~?"),'DEF_SELF_SCOUT_IMPORT'!$Q$42:$Q$1040,SUBSTITUTE(SUBSTITUTE(SUBSTITUTE($M16,"~","~~"),"*","~*"),"?","~?"),'DEF_SELF_SCOUT_IMPORT'!$H$42:$H$1040,"RUSH")/$C16) -> 0 | H16: =IF($C16=0,"",COUNTIFS('DEF_SELF_SCOUT_IMPORT'!$L$42:$L$1040,"Y",'DEF_SELF_SCOUT_IMPORT'!$E$42:$E$1040,SUBSTITUTE(SUBSTITUTE(SUBSTITUTE($B16,"~","~~"),"*","~*"),"?","~?"),'DEF_SELF_SCOUT_IMPORT'!$Q$42:$Q$1040,SUBSTITUTE(SUBSTITUTE(SUBSTITUTE($M16,"~","~~"),"*","~*"),"?","~?"),'DEF_SELF_SCOUT_IMPORT'!$H$42:$H$1040,"DROPBACK")/$C16) -> 1 | I16: =IF(C16=0,"",IF(C16<=2,"TRACK",IF(C16=3,"LOW",IF(C16<=6,"MEDIUM","HIGH")))) -> TRACK | J16: =IF(C16=0,"",ROUND(D16*70+(1-E16)*20+MAX(0,MIN(1,(10-F16)/10))*10,1)) -> 95 | K16: =IF(C16=0,"No Evidence",IF(C16<=2,IF(E16>0,"Explosive Alert","Track Only"),IF(C16=3,"Sample Watch",IF(E16>=START_HERE!$B$31,"Explosive Alert",IF(J16>=80,"Strong Candidate",IF(J16>=65,"Good Candidate",IF(J16>=50,"Mixed / Review","Problem Call"))))))) -> Track Only | L16: =IF(COUNTIFS('DEF_SELF_SCOUT_IMPORT'!$L$42:$L$1040,"Y",'DEF_SELF_SCOUT_IMPORT'!$E$42:$E$1040,SUBSTITUTE(SUBSTITUTE(SUBSTITUTE($B16,"~","~~"),"*","~*"),"?","~?"),'DEF_SELF_SCOUT_IMPORT'!$Q$42:$Q$1040,SUBSTITUTE(SUBSTITUTE(SUBSTITUTE($M16,"~","~~"),"*","~*"),"?","~?"),'DEF_SELF_SCOUT_IMPORT'!$J$42:$J$1040,"")>0,"Unscored clean outcome; review result tags before using score.",IF(C16=0,"No matching defensive reps; film confirmation needed.",IF(K16="Explosive Alert","Explosive risk; review clips before using as answer.",IF(C16<=2,"Track only; not enough sample.",IF(C16=3,IF(E16>0,"Sample watch with explosive exposure; review clips and build the sample.",IF(J16>=65,"Good signal, but sample is limited.","Sample watch; review clips and build the sample.")),IF(K16="Problem Call","Problem area; practice or call-sheet review.",IF(K16="Strong Candidate","Strong call-fit candidate; confirm on film.",IF(K16="Good Candidate","Good call-fit signal; confirm on film.","Mixed signal; review fit and execution on film.")))))))) -> Track only; not enough sample. | M16: 1D 4-6 | R16: Sample Watch • Defensive context signal | S16: 6:1D 4-6| | T16: =IF(C16=0,0,IF(C16>=CALL_LOOKUP_BOARD!$B$7,IF(OR(K16="Problem Call",K16="Explosive Alert"),10000000,20000000),0)+IF(C16>=CALL_LOOKUP_BOARD!$B$7,J16*1000+MIN(C16,999),C16*1000+J16)+0.00999300) -> 1095.01 | U16: =IF(C16=0,"",IF(COUNTIFS($S$10:$S$178,SUBSTITUTE(SUBSTITUTE(SUBSTITUTE(S16,"~","~~"),"*","~*"),"?","~?"),$T$10:$T$178,">"&T16)=0,S16,"")) -> 6:1D 4-6|
A17: 1D 7-10 | B17: $ SPIN REBEL | C17: =COUNTIFS('DEF_SELF_SCOUT_IMPORT'!$L$42:$L$1040,"Y",'DEF_SELF_SCOUT_IMPORT'!$E$42:$E$1040,SUBSTITUTE(SUBSTITUTE(SUBSTITUTE($B17,"~","~~"),"*","~*"),"?","~?"),'DEF_SELF_SCOUT_IMPORT'!$Q$42:$Q$1040,SUBSTITUTE(SUBSTITUTE(SUBSTITUTE($M17,"~","~~"),"*","~*"),"?","~?")) -> 1 | D17: =IF($C17=0,"",SUMIFS('DEF_SELF_SCOUT_IMPORT'!$J$42:$J$1040,'DEF_SELF_SCOUT_IMPORT'!$L$42:$L$1040,"Y",'DEF_SELF_SCOUT_IMPORT'!$E$42:$E$1040,SUBSTITUTE(SUBSTITUTE(SUBSTITUTE($B17,"~","~~"),"*","~*"),"?","~?"),'DEF_SELF_SCOUT_IMPORT'!$Q$42:$Q$1040,SUBSTITUTE(SUBSTITUTE(SUBSTITUTE($M17,"~","~~"),"*","~*"),"?","~?"))/$C17) -> 0 | E17: =IF($C17=0,"",SUMIFS('DEF_SELF_SCOUT_IMPORT'!$K$42:$K$1040,'DEF_SELF_SCOUT_IMPORT'!$L$42:$L$1040,"Y",'DEF_SELF_SCOUT_IMPORT'!$E$42:$E$1040,SUBSTITUTE(SUBSTITUTE(SUBSTITUTE($B17,"~","~~"),"*","~*"),"?","~?"),'DEF_SELF_SCOUT_IMPORT'!$Q$42:$Q$1040,SUBSTITUTE(SUBSTITUTE(SUBSTITUTE($M17,"~","~~"),"*","~*"),"?","~?"))/$C17) -> 0 | F17: =IF($C17=0,"",AVERAGEIFS('DEF_SELF_SCOUT_IMPORT'!$I$42:$I$1040,'DEF_SELF_SCOUT_IMPORT'!$L$42:$L$1040,"Y",'DEF_SELF_SCOUT_IMPORT'!$E$42:$E$1040,SUBSTITUTE(SUBSTITUTE(SUBSTITUTE($B17,"~","~~"),"*","~*"),"?","~?"),'DEF_SELF_SCOUT_IMPORT'!$Q$42:$Q$1040,SUBSTITUTE(SUBSTITUTE(SUBSTITUTE($M17,"~","~~"),"*","~*"),"?","~?"))) -> 5 | G17: =IF($C17=0,"",COUNTIFS('DEF_SELF_SCOUT_IMPORT'!$L$42:$L$1040,"Y",'DEF_SELF_SCOUT_IMPORT'!$E$42:$E$1040,SUBSTITUTE(SUBSTITUTE(SUBSTITUTE($B17,"~","~~"),"*","~*"),"?","~?"),'DEF_SELF_SCOUT_IMPORT'!$Q$42:$Q$1040,SUBSTITUTE(SUBSTITUTE(SUBSTITUTE($M17,"~","~~"),"*","~*"),"?","~?"),'DEF_SELF_SCOUT_IMPORT'!$H$42:$H$1040,"RUSH")/$C17) -> 1 | H17: =IF($C17=0,"",COUNTIFS('DEF_SELF_SCOUT_IMPORT'!$L$42:$L$1040,"Y",'DEF_SELF_SCOUT_IMPORT'!$E$42:$E$1040,SUBSTITUTE(SUBSTITUTE(SUBSTITUTE($B17,"~","~~"),"*","~*"),"?","~?"),'DEF_SELF_SCOUT_IMPORT'!$Q$42:$Q$1040,SUBSTITUTE(SUBSTITUTE(SUBSTITUTE($M17,"~","~~"),"*","~*"),"?","~?"),'DEF_SELF_SCOUT_IMPORT'!$H$42:$H$1040,"DROPBACK")/$C17) -> 0 | I17: =IF(C17=0,"",IF(C17<=2,"TRACK",IF(C17=3,"LOW",IF(C17<=6,"MEDIUM","HIGH")))) -> TRACK | J17: =IF(C17=0,"",ROUND(D17*70+(1-E17)*20+MAX(0,MIN(1,(10-F17)/10))*10,1)) -> 25 | K17: =IF(C17=0,"No Evidence",IF(C17<=2,IF(E17>0,"Explosive Alert","Track Only"),IF(C17=3,"Sample Watch",IF(E17>=START_HERE!$B$31,"Explosive Alert",IF(J17>=80,"Strong Candidate",IF(J17>=65,"Good Candidate",IF(J17>=50,"Mixed / Review","Problem Call"))))))) -> Track Only | L17: =IF(COUNTIFS('DEF_SELF_SCOUT_IMPORT'!$L$42:$L$1040,"Y",'DEF_SELF_SCOUT_IMPORT'!$E$42:$E$1040,SUBSTITUTE(SUBSTITUTE(SUBSTITUTE($B17,"~","~~"),"*","~*"),"?","~?"),'DEF_SELF_SCOUT_IMPORT'!$Q$42:$Q$1040,SUBSTITUTE(SUBSTITUTE(SUBSTITUTE($M17,"~","~~"),"*","~*"),"?","~?"),'DEF_SELF_SCOUT_IMPORT'!$J$42:$J$1040,"")>0,"Unscored clean outcome; review result tags before using score.",IF(C17=0,"No matching defensive reps; film confirmation needed.",IF(K17="Explosive Alert","Explosive risk; review clips before using as answer.",IF(C17<=2,"Track only; not enough sample.",IF(C17=3,IF(E17>0,"Sample watch with explosive exposure; review clips and build the sample.",IF(J17>=65,"Good signal, but sample is limited.","Sample watch; review clips and build the sample.")),IF(K17="Problem Call","Problem area; practice or call-sheet review.",IF(K17="Strong Candidate","Strong call-fit candidate; confirm on film.",IF(K17="Good Candidate","Good call-fit signal; confirm on film.","Mixed signal; review fit and execution on film.")))))))) -> Track only; not enough sample. | M17: 1D 7-10 | R17: Sample Watch • Defensive context signal | S17: 7:1D 7-10| | T17: =IF(C17=0,0,IF(C17>=CALL_LOOKUP_BOARD!$B$7,IF(OR(K17="Problem Call",K17="Explosive Alert"),10000000,20000000),0)+IF(C17>=CALL_LOOKUP_BOARD!$B$7,J17*1000+MIN(C17,999),C17*1000+J17)+0.00999200) -> 1025.01 | U17: =IF(C17=0,"",IF(COUNTIFS($S$10:$S$178,SUBSTITUTE(SUBSTITUTE(SUBSTITUTE(S17,"~","~~"),"*","~*"),"?","~?"),$T$10:$T$178,">"&T17)=0,S17,""))
A18: 1D 7-10 | B18: 9 MOW | C18: =COUNTIFS('DEF_SELF_SCOUT_IMPORT'!$L$42:$L$1040,"Y",'DEF_SELF_SCOUT_IMPORT'!$E$42:$E$1040,SUBSTITUTE(SUBSTITUTE(SUBSTITUTE($B18,"~","~~"),"*","~*"),"?","~?"),'DEF_SELF_SCOUT_IMPORT'!$Q$42:$Q$1040,SUBSTITUTE(SUBSTITUTE(SUBSTITUTE($M18,"~","~~"),"*","~*"),"?","~?")) -> 1 | D18: =IF($C18=0,"",SUMIFS('DEF_SELF_SCOUT_IMPORT'!$J$42:$J$1040,'DEF_SELF_SCOUT_IMPORT'!$L$42:$L$1040,"Y",'DEF_SELF_SCOUT_IMPORT'!$E$42:$E$1040,SUBSTITUTE(SUBSTITUTE(SUBSTITUTE($B18,"~","~~"),"*","~*"),"?","~?"),'DEF_SELF_SCOUT_IMPORT'!$Q$42:$Q$1040,SUBSTITUTE(SUBSTITUTE(SUBSTITUTE($M18,"~","~~"),"*","~*"),"?","~?"))/$C18) -> 0 | E18: =IF($C18=0,"",SUMIFS('DEF_SELF_SCOUT_IMPORT'!$K$42:$K$1040,'DEF_SELF_SCOUT_IMPORT'!$L$42:$L$1040,"Y",'DEF_SELF_SCOUT_IMPORT'!$E$42:$E$1040,SUBSTITUTE(SUBSTITUTE(SUBSTITUTE($B18,"~","~~"),"*","~*"),"?","~?"),'DEF_SELF_SCOUT_IMPORT'!$Q$42:$Q$1040,SUBSTITUTE(SUBSTITUTE(SUBSTITUTE($M18,"~","~~"),"*","~*"),"?","~?"))/$C18) -> 0 | F18: =IF($C18=0,"",AVERAGEIFS('DEF_SELF_SCOUT_IMPORT'!$I$42:$I$1040,'DEF_SELF_SCOUT_IMPORT'!$L$42:$L$1040,"Y",'DEF_SELF_SCOUT_IMPORT'!$E$42:$E$1040,SUBSTITUTE(SUBSTITUTE(SUBSTITUTE($B18,"~","~~"),"*","~*"),"?","~?"),'DEF_SELF_SCOUT_IMPORT'!$Q$42:$Q$1040,SUBSTITUTE(SUBSTITUTE(SUBSTITUTE($M18,"~","~~"),"*","~*"),"?","~?"))) -> 14 | G18: =IF($C18=0,"",COUNTIFS('DEF_SELF_SCOUT_IMPORT'!$L$42:$L$1040,"Y",'DEF_SELF_SCOUT_IMPORT'!$E$42:$E$1040,SUBSTITUTE(SUBSTITUTE(SUBSTITUTE($B18,"~","~~"),"*","~*"),"?","~?"),'DEF_SELF_SCOUT_IMPORT'!$Q$42:$Q$1040,SUBSTITUTE(SUBSTITUTE(SUBSTITUTE($M18,"~","~~"),"*","~*"),"?","~?"),'DEF_SELF_SCOUT_IMPORT'!$H$42:$H$1040,"RUSH")/$C18) -> 0 | H18: =IF($C18=0,"",COUNTIFS('DEF_SELF_SCOUT_IMPORT'!$L$42:$L$1040,"Y",'DEF_SELF_SCOUT_IMPORT'!$E$42:$E$1040,SUBSTITUTE(SUBSTITUTE(SUBSTITUTE($B18,"~","~~"),"*","~*"),"?","~?"),'DEF_SELF_SCOUT_IMPORT'!$Q$42:$Q$1040,SUBSTITUTE(SUBSTITUTE(SUBSTITUTE($M18,"~","~~"),"*","~*"),"?","~?"),'DEF_SELF_SCOUT_IMPORT'!$H$42:$H$1040,"DROPBACK")/$C18) -> 1 | I18: =IF(C18=0,"",IF(C18<=2,"TRACK",IF(C18=3,"LOW",IF(C18<=6,"MEDIUM","HIGH")))) -> TRACK | J18: =IF(C18=0,"",ROUND(D18*70+(1-E18)*20+MAX(0,MIN(1,(10-F18)/10))*10,1)) -> 20 | K18: =IF(C18=0,"No Evidence",IF(C18<=2,IF(E18>0,"Explosive Alert","Track Only"),IF(C18=3,"Sample Watch",IF(E18>=START_HERE!$B$31,"Explosive Alert",IF(J18>=80,"Strong Candidate",IF(J18>=65,"Good Candidate",IF(J18>=50,"Mixed / Review","Problem Call"))))))) -> Track Only | L18: =IF(COUNTIFS('DEF_SELF_SCOUT_IMPORT'!$L$42:$L$1040,"Y",'DEF_SELF_SCOUT_IMPORT'!$E$42:$E$1040,SUBSTITUTE(SUBSTITUTE(SUBSTITUTE($B18,"~","~~"),"*","~*"),"?","~?"),'DEF_SELF_SCOUT_IMPORT'!$Q$42:$Q$1040,SUBSTITUTE(SUBSTITUTE(SUBSTITUTE($M18,"~","~~"),"*","~*"),"?","~?"),'DEF_SELF_SCOUT_IMPORT'!$J$42:$J$1040,"")>0,"Unscored clean outcome; review result tags before using score.",IF(C18=0,"No matching defensive reps; film confirmation needed.",IF(K18="Explosive Alert","Explosive risk; review clips before using as answer.",IF(C18<=2,"Track only; not enough sample.",IF(C18=3,IF(E18>0,"Sample watch with explosive exposure; review clips and build the sample.",IF(J18>=65,"Good signal, but sample is limited.","Sample watch; review clips and build the sample.")),IF(K18="Problem Call","Problem area; practice or call-sheet review.",IF(K18="Strong Candidate","Strong call-fit candidate; confirm on film.",IF(K18="Good Candidate","Good call-fit signal; confirm on film.","Mixed signal; review fit and execution on film.")))))))) -> Track only; not enough sample. | M18: 1D 7-10 | R18: Sample Watch • Defensive context signal | S18: 7:1D 7-10| | T18: =IF(C18=0,0,IF(C18>=CALL_LOOKUP_BOARD!$B$7,IF(OR(K18="Problem Call",K18="Explosive Alert"),10000000,20000000),0)+IF(C18>=CALL_LOOKUP_BOARD!$B$7,J18*1000+MIN(C18,999),C18*1000+J18)+0.00999100) -> 1020.01 | U18: =IF(C18=0,"",IF(COUNTIFS($S$10:$S$178,SUBSTITUTE(SUBSTITUTE(SUBSTITUTE(S18,"~","~~"),"*","~*"),"?","~?"),$T$10:$T$178,">"&T18)=0,S18,""))
A19: 1D 7-10 | B19: BLIZZARD | C19: =COUNTIFS('DEF_SELF_SCOUT_IMPORT'!$L$42:$L$1040,"Y",'DEF_SELF_SCOUT_IMPORT'!$E$42:$E$1040,SUBSTITUTE(SUBSTITUTE(SUBSTITUTE($B19,"~","~~"),"*","~*"),"?","~?"),'DEF_SELF_SCOUT_IMPORT'!$Q$42:$Q$1040,SUBSTITUTE(SUBSTITUTE(SUBSTITUTE($M19,"~","~~"),"*","~*"),"?","~?")) -> 2 | D19: =IF($C19=0,"",SUMIFS('DEF_SELF_SCOUT_IMPORT'!$J$42:$J$1040,'DEF_SELF_SCOUT_IMPORT'!$L$42:$L$1040,"Y",'DEF_SELF_SCOUT_IMPORT'!$E$42:$E$1040,SUBSTITUTE(SUBSTITUTE(SUBSTITUTE($B19,"~","~~"),"*","~*"),"?","~?"),'DEF_SELF_SCOUT_IMPORT'!$Q$42:$Q$1040,SUBSTITUTE(SUBSTITUTE(SUBSTITUTE($M19,"~","~~"),"*","~*"),"?","~?"))/$C19) -> 1 | E19: =IF($C19=0,"",SUMIFS('DEF_SELF_SCOUT_IMPORT'!$K$42:$K$1040,'DEF_SELF_SCOUT_IMPORT'!$L$42:$L$1040,"Y",'DEF_SELF_SCOUT_IMPORT'!$E$42:$E$1040,SUBSTITUTE(SUBSTITUTE(SUBSTITUTE($B19,"~","~~"),"*","~*"),"?","~?"),'DEF_SELF_SCOUT_IMPORT'!$Q$42:$Q$1040,SUBSTITUTE(SUBSTITUTE(SUBSTITUTE($M19,"~","~~"),"*","~*"),"?","~?"))/$C19) -> 0 | F19: =IF($C19=0,"",AVERAGEIFS('DEF_SELF_SCOUT_IMPORT'!$I$42:$I$1040,'DEF_SELF_SCOUT_IMPORT'!$L$42:$L$1040,"Y",'DEF_SELF_SCOUT_IMPORT'!$E$42:$E$1040,SUBSTITUTE(SUBSTITUTE(SUBSTITUTE($B19,"~","~~"),"*","~*"),"?","~?"),'DEF_SELF_SCOUT_IMPORT'!$Q$42:$Q$1040,SUBSTITUTE(SUBSTITUTE(SUBSTITUTE($M19,"~","~~"),"*","~*"),"?","~?"))) -> 0.5 | G19: =IF($C19=0,"",COUNTIFS('DEF_SELF_SCOUT_IMPORT'!$L$42:$L$1040,"Y",'DEF_SELF_SCOUT_IMPORT'!$E$42:$E$1040,SUBSTITUTE(SUBSTITUTE(SUBSTITUTE($B19,"~","~~"),"*","~*"),"?","~?"),'DEF_SELF_SCOUT_IMPORT'!$Q$42:$Q$1040,SUBSTITUTE(SUBSTITUTE(SUBSTITUTE($M19,"~","~~"),"*","~*"),"?","~?"),'DEF_SELF_SCOUT_IMPORT'!$H$42:$H$1040,"RUSH")/$C19) -> 0.5 | H19: =IF($C19=0,"",COUNTIFS('DEF_SELF_SCOUT_IMPORT'!$L$42:$L$1040,"Y",'DEF_SELF_SCOUT_IMPORT'!$E$42:$E$1040,SUBSTITUTE(SUBSTITUTE(SUBSTITUTE($B19,"~","~~"),"*","~*"),"?","~?"),'DEF_SELF_SCOUT_IMPORT'!$Q$42:$Q$1040,SUBSTITUTE(SUBSTITUTE(SUBSTITUTE($M19,"~","~~"),"*","~*"),"?","~?"),'DEF_SELF_SCOUT_IMPORT'!$H$42:$H$1040,"DROPBACK")/$C19) -> 0.5 | I19: =IF(C19=0,"",IF(C19<=2,"TRACK",IF(C19=3,"LOW",IF(C19<=6,"MEDIUM","HIGH")))) -> TRACK | J19: =IF(C19=0,"",ROUND(D19*70+(1-E19)*20+MAX(0,MIN(1,(10-F19)/10))*10,1)) -> 99.5 | K19: =IF(C19=0,"No Evidence",IF(C19<=2,IF(E19>0,"Explosive Alert","Track Only"),IF(C19=3,"Sample Watch",IF(E19>=START_HERE!$B$31,"Explosive Alert",IF(J19>=80,"Strong Candidate",IF(J19>=65,"Good Candidate",IF(J19>=50,"Mixed / Review","Problem Call"))))))) -> Track Only | L19: =IF(COUNTIFS('DEF_SELF_SCOUT_IMPORT'!$L$42:$L$1040,"Y",'DEF_SELF_SCOUT_IMPORT'!$E$42:$E$1040,SUBSTITUTE(SUBSTITUTE(SUBSTITUTE($B19,"~","~~"),"*","~*"),"?","~?"),'DEF_SELF_SCOUT_IMPORT'!$Q$42:$Q$1040,SUBSTITUTE(SUBSTITUTE(SUBSTITUTE($M19,"~","~~"),"*","~*"),"?","~?"),'DEF_SELF_SCOUT_IMPORT'!$J$42:$J$1040,"")>0,"Unscored clean outcome; review result tags before using score.",IF(C19=0,"No matching defensive reps; film confirmation needed.",IF(K19="Explosive Alert","Explosive risk; review clips before using as answer.",IF(C19<=2,"Track only; not enough sample.",IF(C19=3,IF(E19>0,"Sample watch with explosive exposure; review clips and build the sample.",IF(J19>=65,"Good signal, but sample is limited.","Sample watch; review clips and build the sample.")),IF(K19="Problem Call","Problem area; practice or call-sheet review.",IF(K19="Strong Candidate","Strong call-fit candidate; confirm on film.",IF(K19="Good Candidate","Good call-fit signal; confirm on film.","Mixed signal; review fit and execution on film.")))))))) -> Track only; not enough sample. | M19: 1D 7-10 | R19: Sample Watch • Defensive context signal | S19: 7:1D 7-10| | T19: =IF(C19=0,0,IF(C19>=CALL_LOOKUP_BOARD!$B$7,IF(OR(K19="Problem Call",K19="Explosive Alert"),10000000,20000000),0)+IF(C19>=CALL_LOOKUP_BOARD!$B$7,J19*1000+MIN(C19,999),C19*1000+J19)+0.00999000) -> 2099.51 | U19: =IF(C19=0,"",IF(COUNTIFS($S$10:$S$178,SUBSTITUTE(SUBSTITUTE(SUBSTITUTE(S19,"~","~~"),"*","~*"),"?","~?"),$T$10:$T$178,">"&T19)=0,S19,""))
